source_platform,subreddit,post_title,post_summary,post_author_id,post_author_raw,post_link,post_published,post_datetime,rss_feed_url
Reddit,TaylorSwift,"Taylor, with her mom Andrea, out in NYC on May 11th, 2026",submitted by /u/jbraft [link] [comments],9f2668de8c48,/u/jbraft,https://www.reddit.com/r/TaylorSwift/comments/1taqqkm/taylor_with_her_mom_andrea_out_in_nyc_on_may_11th/,2026-05-12T04:21:48+00:00,2026-05-12 04:21:48+00:00,https://www.reddit.com/r/TaylorSwift/new/.rss
Reddit,TaylorSwift,"Taylor Swift Adds Additional Wedding Dates In L.A., Miami, Boston (LOL)","Taylor Swift Adds Additional Wedding Dates In L.A., Miami, Boston Published: May 11, 2026 NEW YORK—In an effort to meet growing demand for her nuptials, pop superstar Taylor Swift announced on Instagram Friday that additional dates for her wedding had been added in Los Angeles, Miami, and Boston. “I’m so excited to bring this special night to as many people as possible,” said Swift, who has reportedly booked 300-seat country clubs in multiple cities across the nation with plans to bring her caterers, string quartet, and wedding party along in a bus to each venue. “Travis and I have been working so hard on our vows, and I’m really proud of what this team created. And of course, each night will end with a special stripped-down section where I’ll tell a surprise anecdote about our courtship.” Swift went on to say that Phoebe Bridgers would warm up the crowd each night by getting married right before her. Source: https://theonion.com/taylor-swift-adds-additional-wedding-dates-in-l-a-miami-boston/ TheOnion is Clowning around! 😃 Clearly they have been paying attention! I hope you'll think this was as funny as I did. submitted by /u/BoomTown1873 [link] [comments]",e93b3bbe2da7,/u/BoomTown1873,https://www.reddit.com/r/TaylorSwift/comments/1tahb6e/taylor_swift_adds_additional_wedding_dates_in_la/,2026-05-11T21:35:19+00:00,2026-05-11 21:35:19+00:00,https://www.reddit.com/r/TaylorSwift/new/.rss
Reddit,TaylorSwift,Doors x Antihero,"Was listening to Noah Kahan’s Doors from The Great Divide album and realized how many lyrics parallel Taylor’s Anti-Hero: “I scream in my sleep” -> “I wake up screaming from dreaming” “I’m the trouble ahead”-> “I’m the problem, it’s me” “Have you ever stared directly at the sun?” -> “I’ll stare directly at the sun, but never in the mirror” “At the rattle of your keys, oh are you leaving?” -> “One day, I’ll watch as you’re leaving” Not saying they’re intentionally connected or anything, but they both capture that same anxious/self-destructive inner dialogue so well imo. submitted by /u/ComprehensiveBug5553 [link] [comments]",e9fbf1dc3ae9,/u/ComprehensiveBug5553,https://www.reddit.com/r/TaylorSwift/comments/1ta81pt/doors_x_antihero/,2026-05-11T16:16:03+00:00,2026-05-11 16:16:03+00:00,https://www.reddit.com/r/TaylorSwift/new/.rss
Reddit,TaylorSwift,Swiftie Teacher Gift 🧡💚💙,"I did my best to make a TLOASG themed gift bag (main gift is the bitty BOGG bag) My kiddos teacher is a swiftie and my budget was small but wanted to do something fun, my son also wanted to buy her flowers so we have a small bouquet too! It’s lined with a garbage bag with the line “my brother used to call it eating out of the trash” written on it instead of tissue paper LOL LMK what you guys think 😭 submitted by /u/corgixmom [link] [comments]",f77af8851036,/u/corgixmom,https://www.reddit.com/r/TaylorSwift/comments/1t9urm0/swiftie_teacher_gift/,2026-05-11T06:14:15+00:00,2026-05-11 06:14:15+00:00,https://www.reddit.com/r/TaylorSwift/new/.rss
Reddit,TaylorSwift,Some Taylor Swift CGM patches I made,Very excited to wear these!! Got diagnosed about a year ago and haven’t stopped wearing Taylor swift cgm patches haha!! Designed by me and my friend! submitted by /u/heyitsa19 [link] [comments],242d911279b5,/u/heyitsa19,https://www.reddit.com/r/TaylorSwift/comments/1t9jgae/some_taylor_swift_cgm_patches_i_made/,2026-05-10T21:26:11+00:00,2026-05-10 21:26:11+00:00,https://www.reddit.com/r/TaylorSwift/new/.rss
Reddit,TaylorSwift,What are your favorite songs and lyrics for Mother's Day?,"Obviously The Best Day, but what what submitted by /u/IntoTheDaylight [link] [comments]",88701e1d18ce,/u/IntoTheDaylight,https://www.reddit.com/r/TaylorSwift/comments/1t9hxeg/what_are_your_favorite_songs_and_lyrics_for/,2026-05-10T20:25:38+00:00,2026-05-10 20:25:38+00:00,https://www.reddit.com/r/TaylorSwift/new/.rss
Reddit,TaylorSwift,Taylor Swift and her mum through the years in photos and lyrics! Happy Mother's Day,submitted by /u/Afterglow_13 [link] [comments],22d6b8a7f88a,/u/Afterglow_13,https://www.reddit.com/r/TaylorSwift/comments/1t9esgh/taylor_swift_and_her_mum_through_the_years_in/,2026-05-10T18:28:48+00:00,2026-05-10 18:28:48+00:00,https://www.reddit.com/r/TaylorSwift/new/.rss
Reddit,TaylorSwift,Who are your favorite artists at the moment other than Taylor?,"I saw there was no post talking about swifties other favorite artists for a while, Who have you all been listening to on repeat besides Taylor Swift lately? I’ve been listening to RAYE a lot lately, and I’m also expecting the next Olivia Rodrigo album to be on repeat soon. Side note: I have been making this website for fun where you put whatever you're going through at the moment and it uses semantic similarities calculations to give you the 3 best fitting taylor songs. Would it be interesting to see other artists added there? https://swift-match.vercel.app/ submitted by /u/JustSomeCells [link] [comments]",a460b7080384,/u/JustSomeCells,https://www.reddit.com/r/TaylorSwift/comments/1t9e4gs/who_are_your_favorite_artists_at_the_moment_other/,2026-05-10T18:04:00+00:00,2026-05-10 18:04:00+00:00,https://www.reddit.com/r/TaylorSwift/new/.rss
Reddit,TaylorSwift,RANKED: Y Tracks,"Hey guys!! It's me, u/itookyourmatches , and I'm back again with the annual ranking polls. I'm really excited to see where TTPD has settled with everyone after almost two years, and now how Showgirl fits into our rankings! As always, the link and the rules are below. This is our last letter poll before we switch to our next category: ranking by color! RANK HERE Rules: Rank your favorite at the top, least favorite at the bottom Less about which is ""best"" and more about which you LIKE more Results are available to view immediately after voting As more people vote, the live results update Feel free to discuss in the comments, but be nice! There are no right or wrong answers here. No attacking people for their opinions! Polls stay open until the end of the year, when voting ends Missed yesterday's poll? View the comments for past polls you want to vote on! Some songs have been removed from competition because of sensitive topics. Those songs are: Ronan, Forever Winter, Soon You'll Get Better, Bigger Than the Whole Sky. This was community voted, so if you want to include these songs in your rankings you will have to do so in the comments. Songs that start with ""The"" will ignore the ""The"" and be categorized by the letter of the next word. This was done to keep the T category from being too long and the other letters from being too short Please feel free to post any suggestions for next year's games in the DESIGNATED comment below, that way I don't lose suggestions when I look through past polls submitted by /u/itookyourmatches [link] [comments]",7bc35940436d,/u/itookyourmatches,https://www.reddit.com/r/TaylorSwift/comments/1t9dalo/ranked_y_tracks/,2026-05-10T17:33:23+00:00,2026-05-10 17:33:23+00:00,https://www.reddit.com/r/TaylorSwift/new/.rss
Reddit,TaylorSwift,I made a playlist of the SADDEST Taylor Swift songs,"I attempted to compile possibly all of Taylor Swift's saddest songs in a playlist. If anything is left behind, use the comment section as a suggestion. https://open.spotify.com/playlist/3Y4oQj8WS59bJ2E30F6jD0?si=jUvHoMWUQSCVnAJrnkwvaQ&pi=0C7M0rovQjig5 submitted by /u/Charming-Law6088 [link] [comments]",35352c152cb3,/u/Charming-Law6088,https://www.reddit.com/r/TaylorSwift/comments/1t9d2fa/i_made_a_playlist_of_the_saddest_taylor_swift/,2026-05-10T17:25:00+00:00,2026-05-10 17:25:00+00:00,https://www.reddit.com/r/TaylorSwift/new/.rss
Reddit,TaylorSwift,Taylor Swift and Travis Kelce out in London ❤️,submitted by /u/kookiekoo [link] [comments],e03bb7477f27,/u/kookiekoo,https://www.reddit.com/r/TaylorSwift/comments/1t8ikwx/taylor_swift_and_travis_kelce_out_in_london/,2026-05-09T20:00:31+00:00,2026-05-09 20:00:31+00:00,https://www.reddit.com/r/TaylorSwift/new/.rss
Reddit,TaylorSwift,Taylor Swift outfits during eras (showgirl - midnights),I made collages of her outfits during last 3 eras. (Its hard to poitn exact moment era changed so some may overlap) submitted by /u/Brilliant-Search-936 [link] [comments],0043e965564d,/u/Brilliant-Search-936,https://www.reddit.com/r/TaylorSwift/comments/1t8gqyn/taylor_swift_outfits_during_eras_showgirl/,2026-05-09T19:36:53+00:00,2026-05-09 19:36:53+00:00,https://www.reddit.com/r/TaylorSwift/new/.rss
Reddit,TaylorSwift,RANKED: W Tracks,"Hey guys!! It's me, u/itookyourmatches , and I'm back again with the annual ranking polls. I'm really excited to see where TTPD has settled with everyone after almost two years, and now how Showgirl fits into our rankings! As always, the link and the rules are below. We have two more letter polls before we switch to our next category: ranking by color! RANK HERE Rules: Rank your favorite at the top, least favorite at the bottom Less about which is ""best"" and more about which you LIKE more Results are available to view immediately after voting As more people vote, the live results update Feel free to discuss in the comments, but be nice! There are no right or wrong answers here. No attacking people for their opinions! Polls stay open until the end of the year, when voting ends Missed yesterday's poll? View the comments for past polls you want to vote on! Some songs have been removed from competition because of sensitive topics. Those songs are: Ronan, Forever Winter, Soon You'll Get Better, Bigger Than the Whole Sky. This was community voted, so if you want to include these songs in your rankings you will have to do so in the comments. Songs that start with ""The"" will ignore the ""The"" and be categorized by the letter of the next word. This was done to keep the T category from being too long and the other letters from being too short Please feel free to post any suggestions for next year's games in the DESIGNATED comment below, that way I don't lose suggestions when I look through past polls submitted by /u/itookyourmatches [link] [comments]",7bc35940436d,/u/itookyourmatches,https://www.reddit.com/r/TaylorSwift/comments/1t8cb1l/ranked_w_tracks/,2026-05-09T18:08:05+00:00,2026-05-09 18:08:05+00:00,https://www.reddit.com/r/TaylorSwift/new/.rss
Reddit,TaylorSwift,Misogyny against swifties,"Hey guys! I wanted to post to here to get opinions from Taylor Swift fans. I have noticed this a while ago but I thought about it again when I came across this video on YouTube that was dissecting Taylor’s branding. I haven’t watched the video yet, though I am intrigued. But what stood out to me were the comments. I went to them for mild spoilers until I could sit down and watch the whole thing. They arguably had nothing to do with the video topic itself. Instead, it was people declaring their distaste for Taylor. But quite a few of these comments weren’t necessarily about Taylor, but rather Taylor’s fans. I have been listening to her since Fearless came out. And while it has absolutely gotten worse, I have always heard people talk terribly about the girls who listen to her. There seems to be this assumption that her fans are “vapid, basic white women”. Despite her fandom obviously being way more diverse than this. It’s also just extremely misogynistic to me. But when I bring this up, people tend to roll their eyes and say it’s not. I decided to write about this, but I want to hear from her fans. Do you guys feel this way as well? Or am I just sensitive? Maybe there is something that I am not seeing since I am a lifelong fan? Cause I do have criticisms about Taylor. But I think way too many people are comfortable making fun of her fandom with traditionally misogynistic language. submitted by /u/secret_violin [link] [comments]",ba3a8505c642,/u/secret_violin,https://www.reddit.com/r/TaylorSwift/comments/1t8bi3c/misogyny_against_swifties/,2026-05-09T17:38:47+00:00,2026-05-09 17:38:47+00:00,https://www.reddit.com/r/TaylorSwift/new/.rss
Reddit,TaylorSwift,Heard we were posting grad caps,"I had wanted to do “It’s been a long time coming,” but I couldn’t find the letters I wanted, so I went with my second choice. I’m actually really happy with it. submitted by /u/Herdbound [link] [comments]",33faf4ee7ba0,/u/Herdbound,https://www.reddit.com/r/TaylorSwift/comments/1t88mft/heard_we_were_posting_grad_caps/,2026-05-09T15:50:57+00:00,2026-05-09 15:50:57+00:00,https://www.reddit.com/r/TaylorSwift/new/.rss
Reddit,TaylorSwift,A quiz app for guessing Taylor's song from a lyric. Give it a try!,Built this because my friend and I discussed about playing something like this but I couldn't find anything similar. It has 15 questions and if you get all of them right you can add your name to the global leaderboard. It's completely free. Enjoy. 🎶 https://ready-for-it.niharikakohli.com/ submitted by /u/Chocolava [link] [comments],e3abcf5153f6,/u/Chocolava,https://www.reddit.com/r/TaylorSwift/comments/1t8638x/a_quiz_app_for_guessing_taylors_song_from_a_lyric/,2026-05-09T14:11:46+00:00,2026-05-09 14:11:46+00:00,https://www.reddit.com/r/TaylorSwift/new/.rss
Reddit,TaylorSwift,The Life of a Showgirl,My drawing submitted by /u/StephanieGunnz [link] [comments],ae5b4e2999a1,/u/StephanieGunnz,https://www.reddit.com/r/TaylorSwift/comments/1t848b1/the_life_of_a_showgirl/,2026-05-09T12:54:00+00:00,2026-05-09 12:54:00+00:00,https://www.reddit.com/r/TaylorSwift/new/.rss
Reddit,TaylorSwift,What album style do you want Taylor to revisit the most?,"She’s done country, pop, indie folk, synth-pop, alternative-inspired stuff… which era do you want to see return someday? For me it’s definitely Folklore. submitted by /u/steveleaves [link] [comments]",c5427b5d614d,/u/steveleaves,https://www.reddit.com/r/TaylorSwift/comments/1t80wyw/what_album_style_do_you_want_taylor_to_revisit/,2026-05-09T10:08:14+00:00,2026-05-09 10:08:14+00:00,https://www.reddit.com/r/TaylorSwift/new/.rss
Reddit,TaylorSwift,"""You come and pick me up, no headlice."" Swiftie parents, which lyrics are you changing when you sing to your babies?",The monsters turned out to be just wees. submitted by /u/batterscraps [link] [comments],30c66755d6db,/u/batterscraps,https://www.reddit.com/r/TaylorSwift/comments/1t7x6j9/you_come_and_pick_me_up_no_headlice_swiftie/,2026-05-09T06:41:38+00:00,2026-05-09 06:41:38+00:00,https://www.reddit.com/r/TaylorSwift/new/.rss
Reddit,TaylorSwift,What's a lyric that really bugs you?,"Mine is ""Love slipped beyond your reaches"" (Champaign Problems).. why is it plural?! Shouldn't it be either be ""our reaches,"" bc the storyteller is part of the couple or ""your reach,"" singular? That line drives me crazy lol. Anyone else have one that really bugs you? Edit: There's alot of lyric defense happening in this chat, which I LOVE, it helps to see things from a different angle. But I'll also say there is no need to go on defense mode and downvote anybody's lyric choice. No downvotes, that's mean and blocks their post from visibility, just comment why you like what they don't ❤️ submitted by /u/elevitsky [link] [comments]",cfe36258c712,/u/elevitsky,https://www.reddit.com/r/TaylorSwift/comments/1t7qabi/whats_a_lyric_that_really_bugs_you/,2026-05-09T01:00:13+00:00,2026-05-09 01:00:13+00:00,https://www.reddit.com/r/TaylorSwift/new/.rss
Reddit,TaylorSwift,my graduation cap!,submitted by /u/PandaOld245 [link] [comments],9db489e6c2b1,/u/PandaOld245,https://www.reddit.com/r/TaylorSwift/comments/1t7pwnh/my_graduation_cap/,2026-05-09T00:42:38+00:00,2026-05-09 00:42:38+00:00,https://www.reddit.com/r/TaylorSwift/new/.rss
Reddit,TaylorSwift,Listening on repeat,What songs are you listening to on repeat these days? I've been obssessed with Call it what you want (reputation) and But daddy I love him (TTPD) recently. I just love those songs so much. submitted by /u/Extreme_Pickle550 [link] [comments],30550fa8d559,/u/Extreme_Pickle550,https://www.reddit.com/r/TaylorSwift/comments/1t7i6pr/listening_on_repeat/,2026-05-08T19:33:23+00:00,2026-05-08 19:33:23+00:00,https://www.reddit.com/r/TaylorSwift/new/.rss
Reddit,TaylorSwift,Linda Perry praises the Swifties as a passionate fanbase for staying loyal to Taylor,submitted by /u/OutDotCom [link] [comments],0e5ee42e8b99,/u/OutDotCom,https://www.reddit.com/r/TaylorSwift/comments/1t7gh9o/linda_perry_praises_the_swifties_as_a_passionate/,2026-05-08T18:31:29+00:00,2026-05-08 18:31:29+00:00,https://www.reddit.com/r/TaylorSwift/new/.rss
Reddit,TaylorSwift,RANKED: U/V Tracks,"Hey guys!! It's me, u/itookyourmatches , and I'm back again with the annual ranking polls. I'm really excited to see where TTPD has settled with everyone after almost two years, and now how Showgirl fits into our rankings! As always, the link and the rules are below. We have two more letter polls before we switch to our next category: ranking by color! RANK HERE Rules: Rank your favorite at the top, least favorite at the bottom Less about which is ""best"" and more about which you LIKE more Results are available to view immediately after voting As more people vote, the live results update Feel free to discuss in the comments, but be nice! There are no right or wrong answers here. No attacking people for their opinions! Polls stay open until the end of the year, when voting ends Missed yesterday's poll? View the comments for past polls you want to vote on! Some songs have been removed from competition because of sensitive topics. Those songs are: Ronan, Forever Winter, Soon You'll Get Better, Bigger Than the Whole Sky. This was community voted, so if you want to include these songs in your rankings you will have to do so in the comments. Songs that start with ""The"" will ignore the ""The"" and be categorized by the letter of the next word. This was done to keep the T category from being too long and the other letters from being too short Please feel free to post any suggestions for next year's games in the DESIGNATED comment below, that way I don't lose suggestions when I look through past polls submitted by /u/itookyourmatches [link] [comments]",7bc35940436d,/u/itookyourmatches,https://www.reddit.com/r/TaylorSwift/comments/1t7fwur/ranked_uv_tracks/,2026-05-08T18:11:22+00:00,2026-05-08 18:11:22+00:00,https://www.reddit.com/r/TaylorSwift/new/.rss
Reddit,TaylorSwift,Taylor Swift & Colored Eyes,submitted by /u/ComprehensiveBug5553 [link] [comments],e9fbf1dc3ae9,/u/ComprehensiveBug5553,https://www.reddit.com/r/TaylorSwift/comments/1t7dqu6/taylor_swift_colored_eyes/,2026-05-08T16:57:06+00:00,2026-05-08 16:57:06+00:00,https://www.reddit.com/r/TaylorSwift/new/.rss
Reddit,TaylorSwift,General Discussion Thread,submitted by /u/Lyd_Euh [link] [comments],2ff0dabbbb5b,/u/Lyd_Euh,https://www.reddit.com/r/TaylorSwift/comments/1t16jtz/general_discussion_thread/,2026-05-01T21:28:45+00:00,2026-05-01 21:28:45+00:00,https://www.reddit.com/r/TaylorSwift/hot/.rss
Reddit,TaylorSwift,Theory Megathread: May 2026,You know the drill submitted by /u/aran130711 [link] [comments],d077ed7e0a7c,/u/aran130711,https://www.reddit.com/r/TaylorSwift/comments/1t0lx0v/theory_megathread_may_2026/,2026-05-01T07:01:06+00:00,2026-05-01 07:01:06+00:00,https://www.reddit.com/r/TaylorSwift/hot/.rss
Reddit,TaylorSwift,"Taylor and Travis out and about in London on May 7th, 2026","A busy evening in London, including dinner at Gymkhana Indian restaurant, a show ""Romeo and Juliet"" at the Harold Pinter Theater, and a 40th birthday party for Poppy Delevingne. submitted by /u/jbraft [link] [comments]",9f2668de8c48,/u/jbraft,https://www.reddit.com/r/TaylorSwift/comments/1t7dnlj/taylor_and_travis_out_and_about_in_london_on_may/,2026-05-08T16:53:58+00:00,2026-05-08 16:53:58+00:00,https://www.reddit.com/r/TaylorSwift/hot/.rss
Reddit,TaylorSwift,Taylor Swift files ‘soundmarks’ to protect her voice in the AI age,submitted by /u/ChallengeAdept8759 [link] [comments],99fc720b30e4,/u/ChallengeAdept8759,https://www.reddit.com/r/TaylorSwift/comments/1t7bb52/taylor_swift_files_soundmarks_to_protect_her/,2026-05-08T15:29:48+00:00,2026-05-08 15:29:48+00:00,https://www.reddit.com/r/TaylorSwift/hot/.rss
Reddit,TaylorSwift,"Taylor and Travis are Engaged! ""Your English teacher and your gym teacher are getting married""","Please keep all talk about the engagement in this thread, thanks! submitted by /u/PassionateAsSin [link] [comments]",599e8db9c2ae,/u/PassionateAsSin,https://www.reddit.com/r/TaylorSwift/comments/1n0rosu/taylor_and_travis_are_engaged_your_english/,2025-08-26T17:10:42+00:00,2025-08-26 17:10:42+00:00,https://www.reddit.com/r/TaylorSwift/top/.rss?t=year
Reddit,TaylorSwift,Taylor has gained back the rights to all of her music again,submitted by /u/maydeletelater [link] [comments],a7afaf60765e,/u/maydeletelater,https://www.reddit.com/r/TaylorSwift/comments/1kz762l/taylor_has_gained_back_the_rights_to_all_of_her/,2025-05-30T15:30:09+00:00,2025-05-30 15:30:09+00:00,https://www.reddit.com/r/TaylorSwift/top/.rss?t=year
Reddit,TaylorSwift,Taylor visited patients at Joe DiMaggio Children's Hospital today. These photos were posted by the hospital.,submitted by /u/Lyd_Euh [link] [comments],2ff0dabbbb5b,/u/Lyd_Euh,https://www.reddit.com/r/TaylorSwift/comments/1lares6/taylor_visited_patients_at_joe_dimaggio_childrens/,2025-06-13T21:17:41+00:00,2025-06-13 21:17:41+00:00,https://www.reddit.com/r/TaylorSwift/top/.rss?t=year
Reddit,TaylorSwift,Stay safe to everyone protesting today❤️,Heading downtown shortly! Stay vigilant and peaceful my fellow Swifties🫡 submitted by /u/skatemon3y [link] [comments],69c9cca8bed6,/u/skatemon3y,https://www.reddit.com/r/TaylorSwift/comments/1lbezjj/stay_safe_to_everyone_protesting_today/,2025-06-14T18:05:01+00:00,2025-06-14 18:05:01+00:00,https://www.reddit.com/r/TaylorSwift/top/.rss?t=year
Reddit,TaylorSwift,Taylor featured on Travis’ instagram post,submitted by /u/icyfirework [link] [comments],a61931f214d0,/u/icyfirework,https://www.reddit.com/r/TaylorSwift/comments/1m8h2gd/taylor_featured_on_travis_instagram_post/,2025-07-24T21:36:20+00:00,2025-07-24 21:36:20+00:00,https://www.reddit.com/r/TaylorSwift/top/.rss?t=year
Reddit,TaylorSwift,Taylor and Selena Gomez in new photo from Selena’s 33rd birthday party,submitted by /u/kkayden [link] [comments],5d49597ea8ad,/u/kkayden,https://www.reddit.com/r/TaylorSwift/comments/1m4ztb9/taylor_and_selena_gomez_in_new_photo_from_selenas/,2025-07-20T20:53:53+00:00,2025-07-20 20:53:53+00:00,https://www.reddit.com/r/TaylorSwift/top/.rss?t=year
Reddit,TaylorSwift,I am so glad that she addressed this head on during the podcast,submitted by /u/IntoTheDaylight [link] [comments],88701e1d18ce,/u/IntoTheDaylight,https://www.reddit.com/r/TaylorSwift/comments/1mqezot/i_am_so_glad_that_she_addressed_this_head_on/,2025-08-14T22:10:56+00:00,2025-08-14 22:10:56+00:00,https://www.reddit.com/r/TaylorSwift/top/.rss?t=year
Reddit,TaylorSwift,Taylor's selfies and posed photos from the wedding over the weekend with Travis,submitted by /u/Lyd_Euh [link] [comments],2ff0dabbbb5b,/u/Lyd_Euh,https://www.reddit.com/r/TaylorSwift/comments/1l6pdk6/taylors_selfies_and_posed_photos_from_the_wedding/,2025-06-08T22:56:55+00:00,2025-06-08 22:56:55+00:00,https://www.reddit.com/r/TaylorSwift/top/.rss?t=year
Reddit,TaylorSwift,Seen in Sacramento,Fun The Life Of A Showgirl sign at California’s State Capitol during the No Kings Day protest (10/18/25). submitted by /u/Signing_terp [link] [comments],06ba8878e4b8,/u/Signing_terp,https://www.reddit.com/r/TaylorSwift/comments/1oa5vom/seen_in_sacramento/,2025-10-18T20:07:06+00:00,2025-10-18 20:07:06+00:00,https://www.reddit.com/r/TaylorSwift/top/.rss?t=year
Reddit,TaylorSwift,Loved this and thought you guys might as well.,I apologize if I’ve broken any rules. Tell me nicely and I’ll happily delete the thread. submitted by /u/SASSIESASSQUATCH [link] [comments],11e394ec8c4b,/u/SASSIESASSQUATCH,https://www.reddit.com/r/TaylorSwift/comments/1n9iid9/loved_this_and_thought_you_guys_might_as_well/,2025-09-05T22:05:53+00:00,2025-09-05 22:05:53+00:00,https://www.reddit.com/r/TaylorSwift/top/.rss?t=year
Reddit,TaylorSwift,Taylor Swift Owns Her Masters!,submitted by /u/Music_Maniac_19 [link] [comments],f95cef9614f7,/u/Music_Maniac_19,https://www.reddit.com/r/TaylorSwift/comments/1kz781q/taylor_swift_owns_her_masters/,2025-05-30T15:32:24+00:00,2025-05-30 15:32:24+00:00,https://www.reddit.com/r/TaylorSwift/top/.rss?t=year
Reddit,TaylorSwift,My stained glass homage to Evermore. I hope you like it 👉🏻👈🏻,Folklore and Evermore got me through some heavy stuff in 2020. I think those albums also have my favorite aesthetic. I drew this up and cut each individual piece of glass by hand; a true labor of love. I’m a little nervous to share because so much love went into this piece and she is my baby! I hope you like her as much as I do. submitted by /u/thepurplekitten [link] [comments],f641ff87de93,/u/thepurplekitten,https://www.reddit.com/r/TaylorSwift/comments/1q7sl6o/my_stained_glass_homage_to_evermore_i_hope_you/,2026-01-09T00:02:38+00:00,2026-01-09 00:02:38+00:00,https://www.reddit.com/r/TaylorSwift/top/.rss?t=year
Reddit,TaylorSwift,Taylor Teases New Album - The Life of A Showgirl,submitted by /u/jacyf02 [link] [comments],edb3477fbf0e,/u/jacyf02,https://www.reddit.com/r/TaylorSwift/comments/1mnywfu/taylor_teases_new_album_the_life_of_a_showgirl/,2025-08-12T04:14:31+00:00,2025-08-12 04:14:31+00:00,https://www.reddit.com/r/TaylorSwift/top/.rss?t=year
Reddit,TaylorSwift,"The sisters are finally all together, forever... 🥹💚💛💜❤️🩵🖤🩷🩶🤎💙🤍",Credit: alefvernon submitted by /u/kookiekoo [link] [comments],e03bb7477f27,/u/kookiekoo,https://www.reddit.com/r/TaylorSwift/comments/1kzkli4/the_sisters_are_finally_all_together_forever/,2025-05-31T00:57:54+00:00,2025-05-31 00:57:54+00:00,https://www.reddit.com/r/TaylorSwift/top/.rss?t=year
Reddit,TaylorSwift,The Life of a Showgirl. Out October 3rd ❤️‍🔥,submitted by /u/Lyd_Euh [link] [comments],2ff0dabbbb5b,/u/Lyd_Euh,https://www.reddit.com/r/TaylorSwift/comments/1mpjtng/the_life_of_a_showgirl_out_october_3rd/,2025-08-13T23:10:34+00:00,2025-08-13 23:10:34+00:00,https://www.reddit.com/r/TaylorSwift/top/.rss?t=year
Reddit,TaylorSwift,Donald Trump Declares Taylor Swift No Longer 'Hot',submitted by /u/klcna [link] [comments],8e0ed0d6608e,/u/klcna,https://www.reddit.com/r/TaylorSwift/comments/1ko1us8/donald_trump_declares_taylor_swift_no_longer_hot/,2025-05-16T14:11:41+00:00,2025-05-16 14:11:41+00:00,https://www.reddit.com/r/TaylorSwift/top/.rss?t=year
Reddit,TaylorSwift,New picture of Taylor Swift revealed by Variety ❤️‍🔥,Source: https://variety.com/2025/music/news/target-taylor-swift-midnight-openings-life-of-a-showgirl-1236511006/ submitted by /u/kookiekoo [link] [comments],e03bb7477f27,/u/kookiekoo,https://www.reddit.com/r/TaylorSwift/comments/1nb4x2x/new_picture_of_taylor_swift_revealed_by_variety/,2025-09-07T21:08:37+00:00,2025-09-07 21:08:37+00:00,https://www.reddit.com/r/TaylorSwift/top/.rss?t=year
Reddit,TaylorSwift,Taylor nation posts about “see you next era” and all 12 pictures are orange,submitted by /u/Sad-Significance4546 [link] [comments],072f7e3211c2,/u/Sad-Significance4546,https://www.reddit.com/r/TaylorSwift/comments/1mnczop/taylor_nation_posts_about_see_you_next_era_and/,2025-08-11T13:28:38+00:00,2025-08-11 13:28:38+00:00,https://www.reddit.com/r/TaylorSwift/top/.rss?t=year
Reddit,TaylorSwift,Taylor performs Shake it off at the TEU concert in Nashville,i don't know why but shes on stage submitted by /u/marvintran76 [link] [comments],a3d5ddc733d7,/u/marvintran76,https://www.reddit.com/r/TaylorSwift/comments/1ljw9rk/taylor_performs_shake_it_off_at_the_teu_concert/,2025-06-25T04:19:40+00:00,2025-06-25 04:19:40+00:00,https://www.reddit.com/r/TaylorSwift/top/.rss?t=year
Reddit,TaylorSwift,Selena Gomez insta posts about Taylor and Travis,submitted by /u/icyfirework [link] [comments],a61931f214d0,/u/icyfirework,https://www.reddit.com/r/TaylorSwift/comments/1n1wguc/selena_gomez_insta_posts_about_taylor_and_travis/,2025-08-27T23:20:47+00:00,2025-08-27 23:20:47+00:00,https://www.reddit.com/r/TaylorSwift/top/.rss?t=year
Reddit,TaylorSwift,It's a Love Story 🩷,submitted by /u/Lyd_Euh [link] [comments],2ff0dabbbb5b,/u/Lyd_Euh,https://www.reddit.com/r/TaylorSwift/comments/1n0vl7d/its_a_love_story/,2025-08-26T19:37:49+00:00,2025-08-26 19:37:49+00:00,https://www.reddit.com/r/TaylorSwift/top/.rss?t=year
Reddit,TaylorSwift,What’s your favorite “The Life of a Showgirl” cover?,Standard cover It’s Frightening It’s Rapturous It’s Beautiful submitted by /u/Dismal-Farmer-1318 [link] [comments],960deacab24d,/u/Dismal-Farmer-1318,https://www.reddit.com/r/TaylorSwift/comments/1mpliwk/whats_your_favorite_the_life_of_a_showgirl_cover/,2025-08-14T00:23:47+00:00,2025-08-14 00:23:47+00:00,https://www.reddit.com/r/TaylorSwift/top/.rss?t=year
Reddit,TaylorSwift,Preview of Taylor on the New Heights Podcast,submitted by /u/icyfirework [link] [comments],a61931f214d0,/u/icyfirework,https://www.reddit.com/r/TaylorSwift/comments/1mnw75d/preview_of_taylor_on_the_new_heights_podcast/,2025-08-12T02:02:27+00:00,2025-08-12 02:02:27+00:00,https://www.reddit.com/r/TaylorSwift/top/.rss?t=year
Reddit,TaylorSwift,Taylor has purchased her masters and now owns all of her work,submitted by /u/225mph [link] [comments],5d6980f4f534,/u/225mph,https://www.reddit.com/r/TaylorSwift/comments/1kz77x8/taylor_has_purchased_her_masters_and_now_owns_all/,2025-05-30T15:32:15+00:00,2025-05-30 15:32:15+00:00,https://www.reddit.com/r/TaylorSwift/top/.rss?t=year
Reddit,TaylorSwift,New Heights feed. This is inspired. ❤️‍🔥,submitted by /u/Bigassbird [link] [comments],8aa83ddf3190,/u/Bigassbird,https://www.reddit.com/r/TaylorSwift/comments/1nwpiwn/new_heights_feed_this_is_inspired/,2025-10-03T04:24:01+00:00,2025-10-03 04:24:01+00:00,https://www.reddit.com/r/TaylorSwift/top/.rss?t=year
Reddit,TaylorSwift,Does anyone else love Minnz Piano's Taylor Swift covers?,"I just finished my first year of university, and honestly, the last two weeks were a total nightmare with finals and constant exams. 😭 As a die-hard swiftie, not being able to listen to Taylor’s songs because her lyrics are way too catchy for me to focus on studying (I just end up singing along instead of reading) felt like a total mental health crisis, haha. So to cope with the silence, I had Minnz Piano playing in the background 24/7. It was just my life support! Her arrangements of TTPD, evermore and reputation literally became the soundtrack to my studying. I was wondering, does anyone else in the fandom use her Taylor covers for studying or relaxing? Do you have a favorite album or song arrangement of hers? Would love to hear your thoughts! ❤️‍🔥 submitted by /u/Melodic-Jackfruit-96 [link] [comments]",ec67449b99d6,/u/Melodic-Jackfruit-96,https://www.reddit.com/r/TaylorSwift/comments/1t79e5k/does_anyone_else_love_minnz_pianos_taylor_swift/,2026-05-08T14:21:22+00:00,2026-05-08 14:21:22+00:00,https://www.reddit.com/r/TaylorSwift/search.rss?q=Taylor+Swift&restrict_sr=1&sort=new&t=year
Reddit,TaylorSwift,Which song from each of Taylor's albums would you have liked to see released as a single but weren't?,"If you could choose any Taylor Swift song that you love most in the entire world from every album, but that unfortunately was never released as a single, which would it be? submitted by /u/AffectionateBank5484 [link] [comments]",c6ec94d1560f,/u/AffectionateBank5484,https://www.reddit.com/r/TaylorSwift/comments/1t76if6/which_song_from_each_of_taylors_albums_would_you/,2026-05-08T12:30:07+00:00,2026-05-08 12:30:07+00:00,https://www.reddit.com/r/TaylorSwift/search.rss?q=Taylor+Swift&restrict_sr=1&sort=new&t=year
Reddit,TaylorSwift,A bunch of Taylor Swift pieces I’ve crocheted for an upcoming project,submitted by /u/gardenscapespro [link] [comments],d8c95a65987e,/u/gardenscapespro,https://www.reddit.com/r/TaylorSwift/comments/1t5rszr/a_bunch_of_taylor_swift_pieces_ive_crocheted_for/,2026-05-06T22:17:05+00:00,2026-05-06 22:17:05+00:00,https://www.reddit.com/r/TaylorSwift/search.rss?q=Taylor+Swift&restrict_sr=1&sort=new&t=year
Reddit,TaylorSwift,Taylor Swift pencil drawing,Still learning how to draw people so feel free to share feedback I’d appreciate it submitted by /u/bird_lov [link] [comments],41243be93a22,/u/bird_lov,https://www.reddit.com/r/TaylorSwift/comments/1t4bf6b/taylor_swift_pencil_drawing/,2026-05-05T10:27:27+00:00,2026-05-05 10:27:27+00:00,https://www.reddit.com/r/TaylorSwift/search.rss?q=Taylor+Swift&restrict_sr=1&sort=new&t=year
Reddit,TaylorSwift,Taylor song you want another to cover,"Which Taylor Swift song do you want another musician or artist to cover? In my part, I really wanted a John Williams version of ""My Tears Ricochet"". This fits very well for May the 4th (Star Wars Day) and ""My Tears Ricochet"" really is reminiscent of the fall of Anakin Skywalker into Darth Vader with themes of betrayal. That orchestral version characteristic of Williams would go very well with ""My Tears Ricochet"". Too bad there isn't the rest of the Darth Vader arc for ""My Tears Ricochet""... What do you think? What Taylor song do you want another musician or artist to cover? I also wanted a Tim McGraw ft. Tim McGraw and Style ft. Harry Styles, but I'm not sure if those count since those are duet versions based on nomenclature. submitted by /u/Sampleswift [link] [comments]",0b19ced3087e,/u/Sampleswift,https://www.reddit.com/r/TaylorSwift/comments/1t3p0mc/taylor_song_you_want_another_to_cover/,2026-05-04T17:46:16+00:00,2026-05-04 17:46:16+00:00,https://www.reddit.com/r/TaylorSwift/search.rss?q=Taylor+Swift&restrict_sr=1&sort=new&t=year
Reddit,TaylorSwift,Bedazzling a vintage phone with a Taylor Swift eras theme design,My current bedazzling project is coming along nicely! How many eras can you spot? submitted by /u/reDAZZLEstudio [link] [comments],ce91a21ae4aa,/u/reDAZZLEstudio,https://www.reddit.com/r/TaylorSwift/comments/1t3n5yx/bedazzling_a_vintage_phone_with_a_taylor_swift/,2026-05-04T16:42:54+00:00,2026-05-04 16:42:54+00:00,https://www.reddit.com/r/TaylorSwift/search.rss?q=Taylor+Swift&restrict_sr=1&sort=new&t=year
Reddit,TaylorSwift,Majority of Americans believe Taylor Swift is a representation of American Dream.,submitted by /u/_crazyboyhere_ [link] [comments],7105744600c8,/u/_crazyboyhere_,https://www.reddit.com/r/TaylorSwift/comments/1t3hvoi/majority_of_americans_believe_taylor_swift_is_a/,2026-05-04T13:34:00+00:00,2026-05-04 13:34:00+00:00,https://www.reddit.com/r/TaylorSwift/search.rss?q=Taylor+Swift&restrict_sr=1&sort=new&t=year
Reddit,TaylorSwift,Unintentional Fate Of Ophelia Reference in MLB The Show 24,"MLB The Show 24 is an American baseball video game. I play it a lot and the 2024 edition allows creation of female baseball players, a first. I created a pitcher named Taylor Swift and she’s doing very well. The above photo was from a game I played today and it made me laugh when I saw it. submitted by /u/askywlker44a [link] [comments]",a0c126093df7,/u/askywlker44a,https://www.reddit.com/r/TaylorSwift/comments/1t3am91/unintentional_fate_of_ophelia_reference_in_mlb/,2026-05-04T07:26:24+00:00,2026-05-04 07:26:24+00:00,https://www.reddit.com/r/TaylorSwift/search.rss?q=Taylor+Swift&restrict_sr=1&sort=new&t=year
Reddit,TaylorSwift,Thoughts on a Taylor Swift biopic...,"I just saw the Michael Jackson biopic, and I thought about the idea of a Taylor Swift biopic. Taylor Swift is objectively a music powerhouse. The Eras Tour was a pop culture phenomenon, and without a doubt, she is an American icon for the mid-2010s - mid-2020s. I think she is a big enough star to warrant a similar biopic in the vein of Queen, The Doors, Michael Jackson, Elvis, etc. With that said, I came up with some questions to discuss the subject of a Taylor Swift biopic: Do you think Taylor Swift deserves a biopic at all? If so, do you think it should be made now or after her career is finished? What aspects of her career do you think it should cover? What ""angle"" do you think a biopic should take? Do you think a biopic should focus on the music like Bohemian Rhapsody or Michael, or should it focus on saying something deep? Who should play Taylor? An even bigger question: Should Taylor direct it? submitted by /u/Jig_2000 [link] [comments]",ea32f55e3143,/u/Jig_2000,https://www.reddit.com/r/TaylorSwift/comments/1t22y3o/thoughts_on_a_taylor_swift_biopic/,2026-05-02T21:52:30+00:00,2026-05-02 21:52:30+00:00,https://www.reddit.com/r/TaylorSwift/search.rss?q=Taylor+Swift&restrict_sr=1&sort=new&t=year
Reddit,TaylorSwift,10 Years ago was Taylor Swift’s last Met Gala Appearance,"It would be exciting to see her go to another Met Gala, especially with Travis Kelce’s love for fashion. submitted by /u/SoIongIondon [link] [comments]",d92d0746f549,/u/SoIongIondon,https://www.reddit.com/r/TaylorSwift/comments/1t1y9dz/10_years_ago_was_taylor_swifts_last_met_gala/,2026-05-02T18:49:13+00:00,2026-05-02 18:49:13+00:00,https://www.reddit.com/r/TaylorSwift/search.rss?q=Taylor+Swift&restrict_sr=1&sort=new&t=year
Reddit,TaylorSwift,Don’t sleep on dollar tree!,My daughter got me this wonderful Taylor Swift tortured poets calendar for Mother’s Day! She said it was only $2.50 at Dollar tree!!! submitted by /u/Pinkdivaisme [link] [comments],541cc3fb0536,/u/Pinkdivaisme,https://www.reddit.com/r/TaylorSwift/comments/1t1subz/dont_sleep_on_dollar_tree/,2026-05-02T15:23:22+00:00,2026-05-02 15:23:22+00:00,https://www.reddit.com/r/TaylorSwift/search.rss?q=Taylor+Swift&restrict_sr=1&sort=new&t=year
Reddit,TaylorSwift,Taylor Swift Song titles that would make great Kentucky Derby Horse names,"Derby horses generally have to have unique names, what Taylor song titles would fit the bill? submitted by /u/dollyllama86 [link] [comments]",a945b33fa4d9,/u/dollyllama86,https://www.reddit.com/r/TaylorSwift/comments/1t15nj6/taylor_swift_song_titles_that_would_make_great/,2026-05-01T20:54:19+00:00,2026-05-01 20:54:19+00:00,https://www.reddit.com/r/TaylorSwift/search.rss?q=Taylor+Swift&restrict_sr=1&sort=new&t=year
Reddit,TaylorSwift,What Taylor Swift song describes your life right now?,I was joking with my friends about how every situation has a Taylor swift song that fits it I am also learning to build websites so I made this for fun: https://swift-match.vercel.app/ You just write the situation or whatever you want and it tries to find the Taylor song that fits best I’m curious what you wrote and what you got as a match submitted by /u/JustSomeCells [link] [comments],a460b7080384,/u/JustSomeCells,https://www.reddit.com/r/TaylorSwift/comments/1t0n9bt/what_taylor_swift_song_describes_your_life_right/,2026-05-01T08:18:10+00:00,2026-05-01 08:18:10+00:00,https://www.reddit.com/r/TaylorSwift/search.rss?q=Taylor+Swift&restrict_sr=1&sort=new&t=year
Reddit,TaylorSwift,Taylor Swift’s website briefly displays 'Toy Story'-style countdown,submitted by /u/Afterglow_13 [link] [comments],22d6b8a7f88a,/u/Afterglow_13,https://www.reddit.com/r/TaylorSwift/comments/1t06gbw/taylor_swifts_website_briefly_displays_toy/,2026-04-30T19:32:10+00:00,2026-04-30 19:32:10+00:00,https://www.reddit.com/r/TaylorSwift/search.rss?q=Taylor+Swift&restrict_sr=1&sort=new&t=year
Reddit,TaylorSwift,What songs are written about Taylor Swift?,"Which songs do you know that are written about her? It doesn’t matter who the artist is or what the specific theme of the song is. Even if it’s just a fan theory or alleged inspiration. We always discussing who Taylor's muses are, but I’m curious about Taylor being the muse. I’d love to see how she inspires other songwriters. submitted by /u/Melodic-Jackfruit-96 [link] [comments]",ec67449b99d6,/u/Melodic-Jackfruit-96,https://www.reddit.com/r/TaylorSwift/comments/1szw3bu/what_songs_are_written_about_taylor_swift/,2026-04-30T13:27:54+00:00,2026-04-30 13:27:54+00:00,https://www.reddit.com/r/TaylorSwift/search.rss?q=Taylor+Swift&restrict_sr=1&sort=new&t=year
Reddit,TaylorSwift,Listening to Taylor's music: focusing on her life vs. your own,"The recent NY Times interview of Taylor where she expressed her not liking people doing paternity tests on her songs had me thinking of me and other fans who listen to Taylor's music. I'm going to be honest, at times I do listen to the song and think of what specific situations or feelings she might have gone through with a specific ex / person that lead her to write this. At other times, when I'm feeling a certain way, her music sounds pretty relatable to me so I start thinking of my own life. I want to see whether the general audience leans more toward associating the songs to their lives or Taylor's life. It also has me thinking of specific situations like her early albums and TV appearances where she would capitalize letters in her booklets or go on SNL and refer to ""Joe, the guy who who broke up with me on the phone"", or even newer songs like ""thanK you aIMee"" where she clearly wants us to think of a specific person, hence us relating the music to her life... And then there are other instances like the Eras Tour where every night she would say she wants the music to he about us, not about her. So what are your thoughts? Please share them! submitted by /u/notafghenchie [link] [comments]",8a42a1f6b9e6,/u/notafghenchie,https://www.reddit.com/r/TaylorSwift/comments/1t05clv/listening_to_taylors_music_focusing_on_her_life/,2026-04-30T18:52:31+00:00,2026-04-30 18:52:31+00:00,https://www.reddit.com/r/TaylorSwift/search.rss?q=Eras+Tour&restrict_sr=1&sort=new&t=year
Reddit,TaylorSwift,A Chinese Ferris wheel recently screened clips from Taylor Swift’s “The Eras Tour” at Ningbo.,submitted by /u/VVantaBuddy [link] [comments],e85d6b3abf30,/u/VVantaBuddy,https://www.reddit.com/r/TaylorSwift/comments/1sysc7o/a_chinese_ferris_wheel_recently_screened_clips/,2026-04-29T08:02:43+00:00,2026-04-29 08:02:43+00:00,https://www.reddit.com/r/TaylorSwift/search.rss?q=Eras+Tour&restrict_sr=1&sort=new&t=year
Reddit,TaylorSwift,Man pleads guilty to plotting attack on a Taylor Swift concert in Vienna,"Content of the article: Man pleads guilty to plotting attack on a Taylor Swift concert in Vienna By PHILIPP JENNE, MATTHIAS SCHRADER and STEFANIE DAZIO Updated 8:56 AM PDT, April 28, 2026 WIENER NEUSTADT, Austria (AP) — A man accused of pledging allegiance to the Islamic State group and plotting to attack one of superstar singer Taylor Swift’s concerts in Vienna nearly two years ago pleaded guilty as his trial began on Tuesday, his lawyer said. The plot was thwarted, but Austrian authorities still canceled Swift’s three performances in August 2024. The singer’s fans, known as Swifties, who had flown to Austria from across the globe to attend a performance of her record-setting Eras Tour were devastated, but rallied to turn Vienna into a citywide trading post for friendship bracelets and singalongs. The defendant, a 21-year-old Austrian citizen known only as Beran A. in line with Austrian privacy rules, faced charges including terrorist offenses and membership in a terrorist organization. He could be sentenced to up to 20 years in prison, and has been in custody since August 2024. The Vienna plot drew comparisons to a 2017 attack by a suicide bomber at an Ariana Grande concert in Manchester, England, that killed 22 people. The bomb detonated at the end of Grande’s concert as thousands of young fans were leaving, becoming the deadliest extremist attack in the United Kingdom in recent years. Defendant regrets his actions Anna Mair, his defense attorney, said her client pleaded guilty to the charges related to the concert plot. “Of course, he deeply regrets it all,” Mair said outside the court, adding that “he says it was the biggest mistake of his life.” Austrian media reported that he also pleaded guilty to being a member of a terrorist organization. Beran A. is facing trial alongside Arda K., whose full name also has not been made public. They, along with a third man, planned to carry out simultaneous attacks in Saudi Arabia, Turkey and the United Arab Emirates during Ramadan in 2024 in the name of the Islamic State group. Beran A. and Arda K. never carried out their attacks. Only Beran A. was charged in connection with the concert plot. He pleaded not guilty to the charges related to the plot for simultaneous attacks. He allegedly planned to target onlookers gathered outside Ernst Happel Stadium — up to 30,000 each night, with another 65,000 inside the venue — with knives or homemade explosives. The suspect hoped to “kill as many people as possible,” authorities said in 2024. The U.S. provided intelligence that fed into the decision to cancel the concerts. Beran A. also allegedly networked with other members of the Islamic State group ahead of the planned attack. Prosecutors say they discussed purchasing weapons and making bombs, and that the defendant also sought to illegally buy weapons in the days ahead of the performance. In addition, he swore allegiance to the militant group. Authorities searched his apartment on Aug. 7, 2024, and found bomb-making materials. The concerts were scheduled to begin the next day. “Having our Vienna shows canceled was devastating,” Swift wrote in a statement posted to Instagram two weeks later. “The reason for the cancellations filled me with a new sense of fear, and a tremendous amount of guilt because so many people had planned on coming to those shows.” A representative for Swift did not immediately return a request for comment Tuesday. The trial is being held in Wiener Neustadt, about an hour south of Vienna. The proceedings are set to continue May 12. Three attacks planned in Saudi Arabia, Turkey and UAE Prosecutors have also filed terrorism-related charges against Arda K. in the trial in connection with the plan for simultaneous attacks in Saudi Arabia, Turkey and the United Arab Emirates. The third man in that plot, Hasan E., allegedly stabbed a security guard with a knife at the Grand Mosque in Mecca, Saudi Arabia, on March 11, 2024. He was arrested and remains in pretrial detention in Saudi Arabia, Austrian prosecutors said. Beran A. and Arda K. did not carry out their plans in Turkey and the UAE. Beran A. returned to Vienna and then allegedly began plotting to attack a Swift concert there. submitted by /u/jbraft [link] [comments]",9f2668de8c48,/u/jbraft,https://www.reddit.com/r/TaylorSwift/comments/1syaorq/man_pleads_guilty_to_plotting_attack_on_a_taylor/,2026-04-28T18:56:57+00:00,2026-04-28 18:56:57+00:00,https://www.reddit.com/r/TaylorSwift/search.rss?q=Eras+Tour&restrict_sr=1&sort=new&t=year
Reddit,TaylorSwift,Midnights is now one of the bottom 4 albums of Taylor,"If you told me back in 2022 that Midnights would be underrated and would be outstreamed by majority of her albums today, I would not believe you. It literally has Eras Tour, music videos, and full promo backing it up. I still cannot understand and process why it is somehow overlooked not just by the GP but also by the Swifties. Did the Swifties collectively forget this album? This is what I meant when I said that “Midnights was overshadowed” and “Midnights does not receive its well deserved recognition”. It saddens me seeing Midnights not becoming a staple like folklore, 1989, reputation, Red, and Lover. And I still don’t know why and what happened. What’s not clicking? Even Fearless and RED combined are above Midnights. This leaves Midnights at the Bottom 4 together with Debut, evermore, and Speak Now. Can Midnights have a resurgence immediately? I just want to remind all of you that this was her 4th AOTY. Okay? [Photo grabbed from @spotifyswiftie on X] submitted by /u/Resident-Priority239 [link] [comments]",890213d2ee73,/u/Resident-Priority239,https://www.reddit.com/r/TaylorSwift/comments/1slcs75/midnights_is_now_one_of_the_bottom_4_albums_of/,2026-04-14T15:56:09+00:00,2026-04-14 15:56:09+00:00,https://www.reddit.com/r/TaylorSwift/search.rss?q=Eras+Tour&restrict_sr=1&sort=new&t=year
Reddit,TaylorSwift,Let’s talk about her backing vocals in Elizabeth Taylor,The whole second half of Elizabeth Taylor is such a treat to listen to because her backing vocals and ad libs are amazing. Her voice really did improve over the Eras Tour and her belting sounds good. You can feel so much soul and emotion in her voice and I literally started crying a few days ago hearing the way she sings that “if I can’t have you” in the final chorus. Does anyone else love her ad libs in Elizabeth Taylor? submitted by /u/psycwave [link] [comments],1b6a3344bc31,/u/psycwave,https://www.reddit.com/r/TaylorSwift/comments/1skys4v/lets_talk_about_her_backing_vocals_in_elizabeth/,2026-04-14T04:48:53+00:00,2026-04-14 04:48:53+00:00,https://www.reddit.com/r/TaylorSwift/search.rss?q=Eras+Tour&restrict_sr=1&sort=new&t=year
Reddit,TaylorSwift,✨giftie for a swiftie✨,My sister is a super-did-the-eras-tour-twice-fan and every girl deserves her dream house 🏠💖 Made by me but based on a similar pattern floating about and only burnt one finger making it ❤️‍🔥 submitted by /u/pureclassglass [link] [comments],bda4ea460363,/u/pureclassglass,https://www.reddit.com/r/TaylorSwift/comments/1sfwkgw/giftie_for_a_swiftie/,2026-04-08T15:44:00+00:00,2026-04-08 15:44:00+00:00,https://www.reddit.com/r/TaylorSwift/search.rss?q=Eras+Tour&restrict_sr=1&sort=new&t=year
Reddit,TaylorSwift,Speak Now Era Bedazzled Bookmarks!,"I bedazzle bookmarks as a hobby, and I'm working my way through the albums, one each month! March is the month of Speak Now! The top one is inspired by the colors of Speak Now, and the lyrics ""how the kingdom lights shine"" and somewhat ""castles crumbling"". The dragon is inspired by ""I had the time of my life fighting dragons with you"" and the colors of the original Speak Now Deluxe, which was the version I had back when I was a kid! The koi fish are inspired by the koi fish guitar used on tour! Somehow this became more the Long Live Era than the Speak Now Era but I'm not mad about it 😂 Red is next!! Please let me know if you have any suggestions for lyrics/symbols of the era that would make good bookmarks! submitted by /u/goteampancake [link] [comments]",fa66b57b5a22,/u/goteampancake,https://www.reddit.com/r/TaylorSwift/comments/1s8npv2/speak_now_era_bedazzled_bookmarks/,2026-03-31T13:39:34+00:00,2026-03-31 13:39:34+00:00,https://www.reddit.com/r/TaylorSwift/search.rss?q=Eras+Tour&restrict_sr=1&sort=new&t=year
Reddit,TaylorSwift,Was excited to share this project I’ve been working on,"When Taylor announced The Life of a Showgirl I had this crazy idea to create a bodysuit inspired by the original cover art. The idea was if she had a TLOAS era on tour what could that look like. It’s still a huge work in progress and I still have thousands of glass rhinestones to go but I wanted to share my labor of love in the hopes it brings Swifties joy because Mondays are a drag. I’ve always been a lurker, I’ve been anxious to share on Reddit but I figured why not. submitted by /u/Double_Appearance905 [link] [comments]",378cbe1705d7,/u/Double_Appearance905,https://www.reddit.com/r/TaylorSwift/comments/1s7wcq2/was_excited_to_share_this_project_ive_been/,2026-03-30T16:58:35+00:00,2026-03-30 16:58:35+00:00,https://www.reddit.com/r/TaylorSwift/search.rss?q=Eras+Tour&restrict_sr=1&sort=new&t=year
Reddit,TaylorSwift,People seem to forget that the RED era was bigger than it seemed.,"People seem to overlook the Red era, saying it's not as big as Fearless, 1989, Midnights and even TLOAS. While that's true, this era spawned top 10 multiple hits. From WANEGBT (#1) to the title track (#6). Taylor's aesthetic that time also influenced many to dress up like hipsters who just wanna look cool and trendy. The Red tour also formed so many fans from Asia, making her known to the biggest continent ever. I wish this would be rated higher. submitted by /u/ZestycloseOil8173 [link] [comments]",17f1a79efbba,/u/ZestycloseOil8173,https://www.reddit.com/r/TaylorSwift/comments/1s6s2sz/people_seem_to_forget_that_the_red_era_was_bigger/,2026-03-29T10:59:29+00:00,2026-03-29 10:59:29+00:00,https://www.reddit.com/r/TaylorSwift/search.rss?q=Eras+Tour&restrict_sr=1&sort=new&t=year
Reddit,TaylorSwift,My “cowboy like me” tattoo,Cowboy like me was one of my surprise songs in the Eras tour. Finally got it forever with me ❤️ submitted by /u/Woezelthesloth [link] [comments],e87909680ae5,/u/Woezelthesloth,https://www.reddit.com/r/TaylorSwift/comments/1s6qnux/my_cowboy_like_me_tattoo/,2026-03-29T09:33:08+00:00,2026-03-29 09:33:08+00:00,https://www.reddit.com/r/TaylorSwift/search.rss?q=Eras+Tour&restrict_sr=1&sort=new&t=year
Reddit,TaylorSwift,Today’s LA Times Crossword - technically a mistake on their part 🤪,submitted by /u/supersophia111 [link] [comments],8b0d3ca89ac3,/u/supersophia111,https://www.reddit.com/r/TaylorSwift/comments/1s5lcvk/todays_la_times_crossword_technically_a_mistake/,2026-03-28T00:14:48+00:00,2026-03-28 00:14:48+00:00,https://www.reddit.com/r/TaylorSwift/search.rss?q=Eras+Tour&restrict_sr=1&sort=new&t=year
Reddit,TaylorSwift,What are some of the most impressive Taylor Swift records?,"One record that comes to my head is The Life of a Showgirl, becoming the first album to have ever song average over 20 million streams on its first day on Spotify. No other artist has had every song on an album average more than 8.5m first-day streams. This is also impressive, since some people assumed that late 2022-2024 could be the peak of her fame, as The Eras Tour happened, Midnights came out, The Tortured Poets Department came out, two re-recorded albums of Speak Now and 1989 came out, Cruel Summer became a single and became one of her biggest songs, a movie came out, her relationship with Travis Kelce started, and much more. However, with the news of her reclaiming her Master's, the success of The Life of a Showgirl, The Eras Tour Documentary and another movie, as well as her engagement to Travis Kelce (the most liked Instagram post by a woman, the most liked collaborative post, and the most reposted post ever), she has really expanded the peak of her fame through all of 2025. The immense commercial success of The Life of a Showgirl has reflected that, even if it got mixed critical and consumer reviews. submitted by /u/SoIongIondon [link] [comments]",d92d0746f549,/u/SoIongIondon,https://www.reddit.com/r/TaylorSwift/comments/1s5jy6g/what_are_some_of_the_most_impressive_taylor_swift/,2026-03-27T23:15:41+00:00,2026-03-27 23:15:41+00:00,https://www.reddit.com/r/TaylorSwift/search.rss?q=Eras+Tour&restrict_sr=1&sort=new&t=year
Reddit,TaylorSwift,Bingo card ideas?,"My little is turning 13 and, of course, is having a TS themed birthday party. One of the things we want to do are bingo cards that the guests can play throughout the party. I'm having issues coming up with things to put in the sections though. The only things I have are, obviously, a blank space in the middle, and then ""karma is a cat"" where they can check it off if one of our cats, of their own free will, crawls into their lap. We will have the Eras Tour film playing in the background; so that can make a lot of things ""too easy"". Please help. 😩 lol submitted by /u/AnxiousPillowcases [link] [comments]",0549906e2b8a,/u/AnxiousPillowcases,https://www.reddit.com/r/TaylorSwift/comments/1s5dl5g/bingo_card_ideas/,2026-03-27T19:11:05+00:00,2026-03-27 19:11:05+00:00,https://www.reddit.com/r/TaylorSwift/search.rss?q=Eras+Tour&restrict_sr=1&sort=new&t=year
Reddit,TaylorSwift,iHeartRadio Music Awards - Megathread,"iHeartRadio Music Awards Megathread Please keep discussion to this thread. Taylor is Nominated for: Song of the Year: ""The Fate of Ophelia"" WON: Artist of the Year Pop Artist of the Year WON: Pop Song of the Year: ""The Fate of Ophelia"" WON: Pop Album of the Year: The Life of a Showgirl WON: Album of the Year: The Life of a Showgirl Socially Voted Categories: WON: Best Lyrics: ""The Fate of Ophelia"" WON: Best Music Video: ""The Fate of Ophelia"" WON: Favorite Tour Style ""Taylor Swift | The Eras Tour"" Favorite TikTok Dance Favorite On Screen for ""Taylor Swift | The Eras Tour | The End of an Era"" submitted by /u/jacyf02 [link] [comments]",edb3477fbf0e,/u/jacyf02,https://www.reddit.com/r/TaylorSwift/comments/1s4o7k1/iheartradio_music_awards_megathread/,2026-03-26T23:55:32+00:00,2026-03-26 23:55:32+00:00,https://www.reddit.com/r/TaylorSwift/search.rss?q=Eras+Tour&restrict_sr=1&sort=new&t=year
Reddit,TaylorSwift,What do you think Taylor will wear to the iheartradio music awards?,"I have 2 ideas: she will wear something orange and or mint green to symbolize the showgirl era. if so I’m thinking a bold orange dress kind of thing. Something like this orange dress above. She could wear something with a white, green, or light blue to symbolize Debut (Taylor’s Version). maybe like some of the tour outfits of the fearless tour. I’m thinking something similar to this purple dress from the fearless tour, but instead of purple green or blue! submitted by /u/13Dreamingcats [link] [comments]",7afbf396ea3e,/u/13Dreamingcats,https://www.reddit.com/r/TaylorSwift/comments/1s4f877/what_do_you_think_taylor_will_wear_to_the/,2026-03-26T18:12:16+00:00,2026-03-26 18:12:16+00:00,https://www.reddit.com/r/TaylorSwift/search.rss?q=Eras+Tour&restrict_sr=1&sort=new&t=year
Reddit,TaylorSwift,A picture of Taylor performing during The Eras Tour in KC is now displayed at the Arrowhead Stadium hallway!,Travis acknowledging it is the cutest thing ever submitted by /u/aqua7ar [link] [comments],2bdb9dd4d631,/u/aqua7ar,https://www.reddit.com/r/TaylorSwift/comments/1s25vq1/a_picture_of_taylor_performing_during_the_eras/,2026-03-24T06:13:18+00:00,2026-03-24 06:13:18+00:00,https://www.reddit.com/r/TaylorSwift/search.rss?q=Eras+Tour&restrict_sr=1&sort=new&t=year
Reddit,TaylorSwift,Midnights Eras Tour Outfit by Me (Forgive me),"Sorry, guys - I didn’t mean to upset. I genuinely wanted to share this to fellow Swifties. I have learned my lesson. Hope you like it! submitted by /u/TayTaysPJs [link] [comments]",9b98f652c2ac,/u/TayTaysPJs,https://www.reddit.com/r/TaylorSwift/comments/1rz4fb6/midnights_eras_tour_outfit_by_me_forgive_me/,2026-03-20T18:37:21+00:00,2026-03-20 18:37:21+00:00,https://www.reddit.com/r/TaylorSwift/search.rss?q=Eras+Tour&restrict_sr=1&sort=new&t=year
Reddit,TaylorSwift,What’s your favorite unhinged friendship bracelet?,"I was looking through the bracelets I’ve received from the Eras tour and Taylor Swift dance parties and came across one that says IHYGOOMH (I hate you get one of my house from LWYMMD BTS) and I think that’s my favorite unhinged bracelet by far. So, what’s yours? submitted by /u/softiegirlasmr [link] [comments]",d185e750f5c2,/u/softiegirlasmr,https://www.reddit.com/r/TaylorSwift/comments/1rz2k83/whats_your_favorite_unhinged_friendship_bracelet/,2026-03-20T17:26:48+00:00,2026-03-20 17:26:48+00:00,https://www.reddit.com/r/TaylorSwift/search.rss?q=Eras+Tour&restrict_sr=1&sort=new&t=year
Reddit,TaylorSwift,Some of my favorite areas in my newly finished Taylor Swift themed island in Animal Crossing!,"I spent nearly a year making a Taylor Swift themed island in Animal Crossing and had to share some of my favorite areas with this group! Each album is represented throughout, which includes references to lyrics, music videos, to the eras tour, and yes, Easter eggs and outfits! I shared my dream address in the pictures if there are any players that want to explore the secret gardens in my mind 😆. Hope y’all at least get a kick out of the 11 turkeys creeping up on me! submitted by /u/Howdy-partner11 [link] [comments]",973fbe93c581,/u/Howdy-partner11,https://www.reddit.com/r/TaylorSwift/comments/1ry6ivt/some_of_my_favorite_areas_in_my_newly_finished/,2026-03-19T17:19:18+00:00,2026-03-19 17:19:18+00:00,https://www.reddit.com/r/TaylorSwift/search.rss?q=Eras+Tour&restrict_sr=1&sort=new&t=year
Reddit,TaylorSwift,Taylor Swift Set to Appear on iHeartRadio Music Awards Show,"STC: Taylor Swift will make an in-person appearance on the 2026 iHeartRadio Music Awards program, iHeartMedia and host network Fox announced Wednesday. Although she will not be taking part in a performing capacity, any live participation by the world’s biggest music star is a noteworthy catch for the broadcast, given that Swift has been laying low on public appearances since promoting a pair of Disney+ specials in early December. (She didn’t turn up at this year’s Grammys, although she had no official reason to, since her latest work post-dated that show’s eligibility period.) The awards show will be broadcast on Fox from the Dolby Theatre in Hollywood March 26 , airing live 8-10 p.m. ET, and running tape-delayed in the same time slot on the west coast. It’ll also go out live on iHeartRadio stations and on the iHeartRadio app. Popular on Variety At the iHeartRadio Music Awards, Swift has a leading nine nominations, mostly for her “The Fate of Ophelia” single but also her “The Eras Tour | The End of an Era” streaming special. These include artist of the year, song of the year, pop song of the year, favorite TikTok dance, best lyrics, best music video, favorite on screen and favorite tour style. Any participation by Swift in an awards program falls into the perennial “they need her more than she needs them” category. Nonetheless, Swift does have a topical reason to partner with iHeart at the moment: the fresh release of “Elizabeth Taylor” as the third single from her smash “The Life of a Showgirl” album. The song went out for radio adds earlier this month and made its debut on Billboard’s pop airplay charts this week. Following the No. 1 success of “Opalite” and “The Fate of Ophelia,” the release of “Elizabeth Taylor” to radio marks the first time Swift has officially released three singles from an album since she did the same with 2022’s “Midnights” project. “Elizabeth Taylor” previously peaked at No. 3 on the Hot 100 the week “Showgirl” came out, based solely on streaming. submitted by /u/kookiekoo [link] [comments]",e03bb7477f27,/u/kookiekoo,https://www.reddit.com/r/TaylorSwift/comments/1ry0c34/taylor_swift_set_to_appear_on_iheartradio_music/,2026-03-19T13:25:10+00:00,2026-03-19 13:25:10+00:00,https://www.reddit.com/r/TaylorSwift/search.rss?q=Eras+Tour&restrict_sr=1&sort=new&t=year
Reddit,TaylorSwift,Is Taylor Swift more popular now (2022-2026) than (2012-2016)?,"Do you guys think Taylor Swift is more popular today than she was from 2012 to 2016? Her red and 1989 were massive each selling a million copies in their first week and having multiple hits with Red having 3 and 1989 having 5, but even those fail in comparison to her eras era (2022-2026). Midnights had 3 top 10 singles (non singles do not count), while her rerecordings had 2 top 10 hits then cruel summer, after that she scored one of the largest album sales with TTPD with 2.7 million copies in its first week and staying on top for 17 weeks. The Eras tour spanned 5 continents, and grossed over 2 billion dollars of revenue. Then again in 2025, she breaks the record with Showgirl with 4 million copies in its first week and staying 12 weeks at number one and producing two number one hits and another top 3 hit. Do you think she's bigger now or then? submitted by /u/ZestycloseOil8173 [link] [comments]",17f1a79efbba,/u/ZestycloseOil8173,https://www.reddit.com/r/TaylorSwift/comments/1rxmfuq/is_taylor_swift_more_popular_now_20222026_than/,2026-03-19T01:07:49+00:00,2026-03-19 01:07:49+00:00,https://www.reddit.com/r/TaylorSwift/search.rss?q=Eras+Tour&restrict_sr=1&sort=new&t=year
Reddit,TaylorSwift,Does anyone have a complete list of Taylor’s Guinness World Records?,"I recently read that Taylor has 148 Guinness World Records (not sure if the number is accurate). While some are legendary (like the Eras Tour being the highest-grossing tour ever or her 4 Album of the Year Grammys), I’m struggling to find a definitive list of all of them. Does anyone have a link to a spreadsheet or a masterlist that tracks all of her records? I’d love to see the full list of her achievements. Thanks in advance! ❤️‍🔥 submitted by /u/Melodic-Jackfruit-96 [link] [comments]",ec67449b99d6,/u/Melodic-Jackfruit-96,https://www.reddit.com/r/TaylorSwift/comments/1rwvt39/does_anyone_have_a_complete_list_of_taylors/,2026-03-18T06:02:35+00:00,2026-03-18 06:02:35+00:00,https://www.reddit.com/r/TaylorSwift/search.rss?q=Eras+Tour&restrict_sr=1&sort=new&t=year
Reddit,TaylorSwift,"In honor of the 3rd anniversary of The Eras Tour, I have updated the grid of every Taylor Swift album covers in the style of each other with The Life of a Showgirl! :D",My previous iteration of this can be found here ! submitted by /u/SwiftieONCE23 [link] [comments],be230b025f5c,/u/SwiftieONCE23,https://www.reddit.com/r/TaylorSwift/comments/1rwbmiv/in_honor_of_the_3rd_anniversary_of_the_eras_tour/,2026-03-17T16:35:14+00:00,2026-03-17 16:35:14+00:00,https://www.reddit.com/r/TaylorSwift/search.rss?q=Eras+Tour&restrict_sr=1&sort=new&t=year
Reddit,TaylorSwift,"What even is The Anthology's signature outfit? (or, alternatively, what could it have been?)","In my opinion, The Anthology was 100% robbed of being its own, separate album... TTPD on itself didn't have a visual direction either, but since we could potentially count the Eras Tour set outfit, this got me thinking - what even IS The Anthology's outfit, or, alternatively, what outfit do you think would fit for this ""album""? submitted by /u/Snormaid [link] [comments]",e03dd949814c,/u/Snormaid,https://www.reddit.com/r/TaylorSwift/comments/1rv5g3r/what_even_is_the_anthologys_signature_outfit_or/,2026-03-16T10:09:00+00:00,2026-03-16 10:09:00+00:00,https://www.reddit.com/r/TaylorSwift/search.rss?q=Eras+Tour&restrict_sr=1&sort=new&t=year
Reddit,TaylorSwift,"If you had to rank the albums based only on the STANDARD cover art, what would your ranking be?","Include Taylor's versions, but only the standard covers submitted by /u/IntoTheDaylight [link] [comments]",88701e1d18ce,/u/IntoTheDaylight,https://www.reddit.com/r/TaylorSwift/comments/1t6nina/if_you_had_to_rank_the_albums_based_only_on_the/,2026-05-07T21:06:09+00:00,2026-05-07 21:06:09+00:00,https://www.reddit.com/r/TaylorSwift/search.rss?q=album&restrict_sr=1&sort=new&t=year
Reddit,TaylorSwift,Did you think Taylor would get her original albums back again at some point or had you given up hope?,I was mourning them and 100% believed they were lost forever but I’m so glad we get to listen to them again. I was just curious to know what other people thought before she announced that they were hers again edit: what does downvoting this post mean? that you didn’t believe she’d get them back? that you don’t care…? submitted by /u/dibbles13 [link] [comments],479e71e78e81,/u/dibbles13,https://www.reddit.com/r/TaylorSwift/comments/1t6kikx/did_you_think_taylor_would_get_her_original/,2026-05-07T19:18:55+00:00,2026-05-07 19:18:55+00:00,https://www.reddit.com/r/TaylorSwift/search.rss?q=album&restrict_sr=1&sort=new&t=year
Reddit,TaylorSwift,Found at Kmart (Australia),"Kmart has been on a roll lately with their dupes of everything, you know Taylor is in her own category when Kmart is out here duping/making merch of her albums to make money off of her name submitted by /u/Professional-Fig4096 [link] [comments]",ee8e389c90e5,/u/Professional-Fig4096,https://www.reddit.com/r/TaylorSwift/comments/1t4i4ed/found_at_kmart_australia/,2026-05-05T15:04:34+00:00,2026-05-05 15:04:34+00:00,https://www.reddit.com/r/TaylorSwift/search.rss?q=album&restrict_sr=1&sort=new&t=year
Reddit,TaylorSwift,Midnights 'til dawn edition,"Midnights is a beautiful album, and The til dawn edition is amazing. I wish she had release a vynil edition. Also, the 3am and til dawn tracks are beautifully written. some even better than the original 13 whats your favorite track from the whole extended album? i love many of the originals but, i wish the great war, bigger than the whole sky, wouldve couldve shouldve and hits different were part of the original 13. i would ve taken out labyrinth and sweet nothing. what about you guys? submitted by /u/DisastrousProperty59 [link] [comments]",d43e66fbba07,/u/DisastrousProperty59,https://www.reddit.com/r/TaylorSwift/comments/1t3xv8j/midnights_til_dawn_edition/,2026-05-04T23:06:43+00:00,2026-05-04 23:06:43+00:00,https://www.reddit.com/r/TaylorSwift/search.rss?q=album&restrict_sr=1&sort=new&t=year
Reddit,TaylorSwift,Midnights Album- Song Eras if they weren’t on the midnights album??,"So my understanding is these songs were all written during sleepless nights throughout her career. With that info, these songs could have easily been scrapped from other albums to create this one. Question…? is (hehe)… which era did they originate in? Here’s my guess- share yours! **Note: Midnights is PRE-TTPD and TLOAS!!!! Lavender Haze- Lover Maroon- Red Anti-Hero- Reputation Snow On The Beach (feat. Lana Del Rey)- evermore You're On Your Own, Kid- Reputation Midnight Rain- 1989 Question...?- 1989 Vigilante Shit- Reputation Bejeweled- 1989 Labyrinth- evermore Karma- Reputation Sweet Nothing- Lover Mastermind- 1989 ""3am Edition"" & Bonus Tracks: The Great War (my fav midnights track)- folklore Bigger Than the Whole Sky- Red Paris- Speak Now High Infidelity- Red Glitch- 1989 Would've, Could've, Should've- Red Dear Reader- Fearless You're Losing Me (from The Late Night Edition )- Red submitted by /u/No-Owl-4939 [link] [comments]",b201ec0611ec,/u/No-Owl-4939,https://www.reddit.com/r/TaylorSwift/comments/1t37wzm/midnights_album_song_eras_if_they_werent_on_the/,2026-05-04T04:54:12+00:00,2026-05-04 04:54:12+00:00,https://www.reddit.com/r/TaylorSwift/search.rss?q=album&restrict_sr=1&sort=new&t=year
Reddit,TaylorSwift,A confession and request for forgiveness from Midnights stans,"Forgive me Taylor for I have sinned. October 20, 2022: folklore and evermore are my favorite albums - in fact, the ones that transformed me from ""casual fan"" to ""swiftie,"" though now even that seems foolish when I hadn't listened to anything pre-1989. These stripped-back, folk- and indie-esque sounds were more like what I reached for outside of Taylor's music and I saw folkmore as a giant leap forward in her songwriting. (Don't @ me yet, this is a mini-confession before the big one.) I listened to both over and over and over during a long, difficult winter, pacing from the house to the creek and back in the snow over and over and over. Exile felt like a conversation with myself, this is me trying felt like the conversation I was trying to have with everyone else, my tears ricochet felt like where things would eventually end. October 21, 2022: I hadn't followed any of the promo stuff so I had no idea what to expect with Midnights, and my first reaction, it shames me to say, was *disappointed.* Where folkmore had felt like Secretariat rounding the corner into the backstretch 30 lengths ahead of the rest of the pack (IYKYK), Midnights felt like that moment Charismatic's leg snapped on that same homestretch decades later. I still listened to it on repeat and have several very specific memories tied to that autumn - a long afternoon with my dog and the birds and the trees in the yard of an Air B&B in a new state, a long evening looking for a place to call home, a long pre-dawn drive towards the mountains weeping to Would've Could've Should've. Still, I couldn't connect with it; this upbeat electropop felt somehow like it was making light of the things she might have been writing about, if only I could understand what that was. That's the confession. Now comes the redemption, if you'll allow it. April 19, 2024: From the first moment, TTPD was a sigh of relief. *This* is what I was looking for from Taylor - her own stories carefully wrapped in stories about Greek myth, a Scottish fairy tale, a scathing rebuke of a certain kind of dude who could've been a finance bro in another life. It was spring and time for new beginnings as I picked through a creek looking for shiny things, but ten days before my birthday, I Can Do it With a Broken Heart was the bop of an anthem I needed when I wasn't crying over loml and Smallest Man. This was the moment I went from ""swiftie"" to ""down the rabbit hole."" I listened to all of her albums, start to finish. Speak Now was an unexpected delight, and finally watching the reputation stadium tour opened my third eye and made me a lifetime rep stan. Still, it wasn't until last year that same third eye was opened to Midnights, after I had the full context of her work to give me that ""ohhh"" moment about Anti-Hero, to hear the lyrics beyond the noise in Maroon, to identify with You're On Your Own, Kid. It didn't hurt that I finally let go of preconceived notions of what ""pop"" meant to realize I actually dig it. That's the redemption. Now comes the request for forgiveness. Y'all - and Taylor, and the Grammy judges - have been telling me about Midnights since the beginning, and yet I denied you far more than thrice. I understand if you can't look beyond these sins into the swiftie I have become, but I hope there is mercy in your heart to absolve me. If karma is all that's left for me, I'll meet my fate with a brave heart and wish you well regardless. Best, 💚🦖 submitted by /u/curious-trex [link] [comments]",ffeb1eb7d675,/u/curious-trex,https://www.reddit.com/r/TaylorSwift/comments/1szqtgu/a_confession_and_request_for_forgiveness_from/,2026-04-30T09:11:11+00:00,2026-04-30 09:11:11+00:00,https://www.reddit.com/r/TaylorSwift/search.rss?q=album&restrict_sr=1&sort=new&t=year
Reddit,TaylorSwift,Is TTPD really getting a reappraisal like everyone says?,"In light of the album's anniversary, people have been talking about how The Tortured Poets Department is going through ""revisionist history"" in the same way Reputation, which was not well received in 2017, is generally well regarded now. But do you think this is really happening on the scale people have been saying it is? As far as I've seen, TTPD has always been well received by most of the Swiftie community, and it's the rest of the general public who disliked the album on release. Any praise that's been given to the album recently may have just been from someone who always enjoyed the album. If there is one, could it be that any reappraisal happening is limited to the Swiftie community, who are the most likely people to revisit her albums and give them a second chance? Or have you actually seen and met people who aren't active Taylor enjoyers who initially disliked the album and have changed their opinions? To be clear I love TTPD and would love for more people to see it as a good body of work, I'm just wondering if more people are actually doing that now like some Swifties seem to imply. submitted by /u/account1804 [link] [comments]",96cf0db9e50f,/u/account1804,https://www.reddit.com/r/TaylorSwift/comments/1szdg6j/is_ttpd_really_getting_a_reappraisal_like/,2026-04-29T22:14:54+00:00,2026-04-29 22:14:54+00:00,https://www.reddit.com/r/TaylorSwift/search.rss?q=album&restrict_sr=1&sort=new&t=year
Reddit,TaylorSwift,How can I fully appreciate Evermore?,"I consider myself a new fan as I started listening to Taylor seriously just a couple of years ago. Evermore however is still this album that I’m not able to fully understand the meaning and depth. I see it so high in the fan rankings that it makes me think that probably I’m missing something. I love this subreddit because I found out so many new meanings listeners give to songs I love, therefore I’m asking you to explain me the concept Taylor had in mind with this album and how I can understand the value in each song. Thank you! submitted by /u/Dangerous-Promise657 [link] [comments]",f1172d7b7771,/u/Dangerous-Promise657,https://www.reddit.com/r/TaylorSwift/comments/1sxfwfw/how_can_i_fully_appreciate_evermore/,2026-04-27T20:35:49+00:00,2026-04-27 20:35:49+00:00,https://www.reddit.com/r/TaylorSwift/search.rss?q=album&restrict_sr=1&sort=new&t=year
Reddit,TaylorSwift,Inspirational Song Lyrics,"What lyrics are inspirational, could be used for someone graduating, for sisters, for growing up, etc? Include the name and album of song, please! submitted by /u/_succubabe [link] [comments]",fb5d903b11f3,/u/_succubabe,https://www.reddit.com/r/TaylorSwift/comments/1sx9pb6/inspirational_song_lyrics/,2026-04-27T17:00:58+00:00,2026-04-27 17:00:58+00:00,https://www.reddit.com/r/TaylorSwift/search.rss?q=album&restrict_sr=1&sort=new&t=year
Reddit,TaylorSwift,Make the original Debut album peak at #1 with the help of the re-recording,"If you didn’t know, Taylor’s debut album never reached the top spot on the Billboard 200 albums chart. In fact, it only managed to peak at #5 in 2008 after the release of Fearless. This is the only one of her main studio albums that has never achieved the #1 position. Now that Taylor owns her masters, I had an idea. Instead of releasing the re-recorded version of her debut album as “Taylor Swift (Taylor’s Version),” what if she releases it as a new “deluxe” version of the original album and the re-recorded songs and vault tracks are essentially the “deluxe tracks”. If this is possible it would finally allow the album to reach the #1 spot because we all know we are going to buy the new vinyl and CDs and stream the re-recorded versions. This would make all 16 of her main studio albums #1. It would be so satisfying. submitted by /u/Aggravating_Wave2221 [link] [comments]",45e625385c77,/u/Aggravating_Wave2221,https://www.reddit.com/r/TaylorSwift/comments/1swj5pn/make_the_original_debut_album_peak_at_1_with_the/,2026-04-26T20:48:39+00:00,2026-04-26 20:48:39+00:00,https://www.reddit.com/r/TaylorSwift/search.rss?q=album&restrict_sr=1&sort=new&t=year
Reddit,TaylorSwift,Anyone else’s all-time favorite song not on their favorite album?,"I was just wondering if anyone else has their absolute favorite song on an album that isn't actually their #1? For example, my favorite album was reputation for ages, but my favorite song of all time is WAOLOM. Does anyone else have this ""disconnect"", or is your favorite song always from your top album? submitted by /u/Melodic-Jackfruit-96 [link] [comments]",ec67449b99d6,/u/Melodic-Jackfruit-96,https://www.reddit.com/r/TaylorSwift/comments/1swfoow/anyone_elses_alltime_favorite_song_not_on_their/,2026-04-26T18:37:57+00:00,2026-04-26 18:37:57+00:00,https://www.reddit.com/r/TaylorSwift/search.rss?q=album&restrict_sr=1&sort=new&t=year
Reddit,TaylorSwift,"What do we think about ""metal"" covers to Taylor's songs?","as a swiftie and someone who likes rock/metal music, i think the new wave of metal covers for the TLOASG album is terrible. Yes, Taylor have songs that can be perfect for a metal version but i do not think that any of the songs from TLOASG fits this kind of music. submitted by /u/themr_wolf [link] [comments]",1898df4892f9,/u/themr_wolf,https://www.reddit.com/r/TaylorSwift/comments/1sv8cg1/what_do_we_think_about_metal_covers_to_taylors/,2026-04-25T10:17:53+00:00,2026-04-25 10:17:53+00:00,https://www.reddit.com/r/TaylorSwift/search.rss?q=album&restrict_sr=1&sort=new&t=year
Reddit,TaylorSwift,25 Biggest Billboard Hot 100 Hits of Taylor Swift (as of April 2026),"-Her Top 10 consists of her hits from 2000s, 2010s, and 2020s. Her most recognizable songs in the US and Globally are well represented in the Top 10 region. -The Fate of Ophelia entered the Top 10 Biggest Hits of Taylor in just almost 7 months after release, and might enter the Top 5 if it continues its longevity. -Opalite is just 60,000+ points away to steal the #10 position from Bad Blood. -Her Top 20 has songs from almost all her eras with the exception of folklore and evermore. (Willow at #28 and Cardigan at #34) -Her #1s that missed the Top 25 were Cardigan, Willow, and All Too Well (Taylor’s Version). -Biggest non-album track is I Don’t Wanna Live Forever -Biggest Taylor’s Version track is from 1989 (TV) with Is It Over Now. -YNTCD and ME! left the Top 20 region as The Fate of Ophelia and Opalite skyrockets to The Top 10 and Top 15 region. -Most songs from an album in the Top 25 is from 1989. (5 songs) -I Knew You Were Trouble despite peaking at #2 is the biggest hit of Red. -Mine is the biggest hit of Speak Now in the Hot 100, it is underrated but let’s not forget that it IS A HIT and that id had a good chart run. Also, let’s not remove this when we enumerate Taylor’s Hits. :) -Teardrops on My Guitar and Our Song despite peaking outside the Top 10 still remains in the Top 20 Biggest Hits of Taylor. Again, these two had longevity and had a good chart run, they may be underrated but they ARE HITS. Also, let’s not remove these two when we enumerate Taylor’s Hits. :) submitted by /u/Resident-Priority239 [link] [comments]",890213d2ee73,/u/Resident-Priority239,https://www.reddit.com/r/TaylorSwift/comments/1sv1riq/25_biggest_billboard_hot_100_hits_of_taylor_swift/,2026-04-25T04:09:16+00:00,2026-04-25 04:09:16+00:00,https://www.reddit.com/r/TaylorSwift/search.rss?q=album&restrict_sr=1&sort=new&t=year
Reddit,TaylorSwift,My Albatross and typewriter tattoos 🥰,I got these last year for The Tortured Poets Department album submitted by /u/UnKindClock [link] [comments],e0422c53265c,/u/UnKindClock,https://www.reddit.com/r/TaylorSwift/comments/1sut8r1/my_albatross_and_typewriter_tattoos/,2026-04-24T21:45:20+00:00,2026-04-24 21:45:20+00:00,https://www.reddit.com/r/TaylorSwift/search.rss?q=album&restrict_sr=1&sort=new&t=year
Reddit,TaylorSwift,Lover and Midnights in Spotify's Most Streamed Albums of All Time List,submitted by /u/Afterglow_13 [link] [comments],22d6b8a7f88a,/u/Afterglow_13,https://www.reddit.com/r/TaylorSwift/comments/1suc77q/lover_and_midnights_in_spotifys_most_streamed/,2026-04-24T10:47:53+00:00,2026-04-24 10:47:53+00:00,https://www.reddit.com/r/TaylorSwift/search.rss?q=album&restrict_sr=1&sort=new&t=year
Reddit,TaylorSwift,"The throwing out of concepts for Folklore, Evermore and Midnights by fans","Pretty much since TTPD came out and the fandom realized a lot of the album is about Matty Healy, many of the general public but mainly Swifties (probably because Swifties naturally know most of the lore) started discussing the main concepts and subjects of the three albums that came before (Folklore, Evermore and Midnights) which were all concept albums to some extent. Fans started demeaning the concepts of those three albums by claiming that they were all about Matty, and the concept of Folklore / Evermore (stories from other's perspectives and made up characters) was just PR to hide the true meaning of the album, same with Midnights (sleepless nights in Taylor's life). While I agree that some of the songs on those albums are about Matty (The 1, Question...? and Maroon For example), I don't think fans should throw out the whole concept of those albums to say that everything is about Matty. Honestly, I thought the talk would die down after we would have TTPD for a while, but I still see a lot of it on this sub. The main thing I see is that people claim that the songs that follow the concept on those albums are the minority, and the rest are songs about Matty that were concealed by the concept. Here are songs that obviously follow the concepts of the albums (at least in my opinion): Folklore/ Evermore - made up characters and stories (Cardigan, Betty, August, Dorothea, Tis The Damn Season, Ivy, No Body, No Crime), real people (Epiphany, Marjorie, The Last Great American Dynasty). Midnights - stories about past sleepless nights (Midnight Rain, You're On Your Own, Kid, Would've Could've Should've). Also, I wanted to add that just because songs are about Matty doesn't mean they don't match the concept of the album, like Maroon, which even though it's probably about Matty, it still matches the idea of a sleepless night in Taylor's life. I just think it's wrong to ignore the world building Taylor did with these albums and toss it out to say it was all a way to hide her feelings for Matty. I'd love you to tell me what you think. submitted by /u/Huge_Organization567 [link] [comments]",e115af9f647d,/u/Huge_Organization567,https://www.reddit.com/r/TaylorSwift/comments/1stbdse/the_throwing_out_of_concepts_for_folklore/,2026-04-23T07:04:40+00:00,2026-04-23 07:04:40+00:00,https://www.reddit.com/r/TaylorSwift/search.rss?q=album&restrict_sr=1&sort=new&t=year
Reddit,TaylorSwift,What is a place that perfectly encapsulates a specific Taylor Swift song or album?,"I discovered the Moulin Rouge, a dinner-show in Paris, France, and so much of it reminds me of The Life of a Showgirl song and album! It’s easy for me to imagine Taylor Swift performing for the small-scale venue there (though with her popularity, it probably wouldn’t happen) or filming a music video there such as the album’s title track. submitted by /u/SoIongIondon [link] [comments]",d92d0746f549,/u/SoIongIondon,https://www.reddit.com/r/TaylorSwift/comments/1sstw2k/what_is_a_place_that_perfectly_encapsulates_a/,2026-04-22T18:26:18+00:00,2026-04-22 18:26:18+00:00,https://www.reddit.com/r/TaylorSwift/search.rss?q=album&restrict_sr=1&sort=new&t=year
Reddit,TaylorSwift,Taylor Swift 'The Life of a Showgirl' case heads to key May hearing,"Source A key early test in the trademark fight between Taylor Swift and a Las Vegas performer is approaching with a preliminary injunction hearing set for May 27 in the U.S. District Court for the Central District of California. The hearing will determine whether Swift can continue using ""The Life of a Showgirl"" while the case proceeds, a decision that could reshape the rollout of her latest era before a full trial is ever considered. Maren Flagg, who performs under the name Maren Wade, filed a lawsuit on March 30, accusing Swift and her affiliated companies of infringing on her registered mark ""Confessions of a Showgirl."" The complaint targets Swift's use of ""The Life of a Showgirl,"" which has been rolled out across merchandise and branding tied to her latest era. Wade alleges trademark infringement under the Lanham Act, a federal law that protects brands from consumer confusion and unfair competition. She is seeking an injunction to block use of the phrase, along with damages, profits and attorneys' fees. The case arrives as Swift's trademark application for ""The Life of a Showgirl"" remains suspended at the U.S. Patent and Trademark Office (USPTO). It stalled after a likelihood-of-confusion refusal, tied to Wade's mark, as well as a separate pending ""Showgirl"" fragrance application. What the trademark fight means Purvi Patel Albers, a partner and trademark attorney at Haynes Boone, said the pause at the USPTO and the lawsuit operate on separate tracks. ""On the USPTO level, essentially her trademark application was refused. But that doesn't have any real bearing on the lawsuit,"" Albers said. ""USPTO refusal is not a finding of infringement. It's a paper review of, 'Hey, in a vacuum, do the two marks look similar and touch the same space where consumers might think they come from the same source?'"" The refusal shifts the burden back to Swift's team to argue why the marks are not similar. That process is ongoing and could involve multiple rounds of responses before a final determination. In ""The Life of a Showgirl"" application, Swift's attorney included 14 international classes of goods and services, spanning categories such as candles, media, jewelry, musical instruments, paper goods, bags, housewares, clothing, toys, retail services and entertainment services. ""It's important to note, the USPTO only refused the application with respect to certain classes tied to entertainment services,"" Albers said. Even without a federal registration, Albers said the singer's team still has enforceable rights and her lawyers can still challenge third parties selling unauthorized merchandise. ""In the United States, you accrue trademark rights by virtue of commercial use,"" she said. ""What a trademark registration gives you is nationwide presumption of validity. So the registration itself doesn't create rights, it just enhances them."" Taylor Swift's ""The Life of a Showgirl"" album cover is painted on the east side of Grimey's in East Nashville. April 18, 2026. What the lawsuit means The next major step in the case is the May 27 preliminary injunction hearing, which will not determine the final outcome. Instead, it will test whether immediate action is warranted. Douglas A. Rettew, a trial attorney and partner at Finnegan, said the dispute is still in its early stages. However, key legal strategies are already taking shape. He said Wade's case centers on a theory known as reverse confusion, where a larger brand risks overwhelming a smaller, earlier one. ""In other words, Wade is arguing that her trademark rights in 'Confessions of a Showgirl,' are going to be so overwhelmed by Taylor Swift that it's going to erase her identity,"" Rettew said. To succeed on her request for a preliminary injunction, Wade must meet a high legal bar. ""Wade has to show that if an injunction isn't issued, she will be irreparably harmed,"" Rettew said. He added that Swift's legal team is likely to challenge multiple aspects of that argument, including whether consumers are actually confused. ""I would be shocked if Swift's team is not gathering evidence to show that Wade's trademark is not very strong,"" he said. ""But their biggest argument has to be that Wade waited too long. If this was a problem, she would have filed a lot earlier, because you can't say you're irreparably harmed when you waited this long."" And he said Swift's team will likely argue that significant investments have already been made in ""The Life of a Showgirl"" branding. As such, halting use now would create greater harm. Despite the legal maneuvering ahead, Rettew said the odds of the case reaching a full trial are ""infinitesimal."" Instead, the case is more likely to be resolved through settlement or earlier rulings, particularly after the court decides whether to grant a preliminary injunction. The hearing in May will be the next step. submitted by /u/JKUAN108 [link] [comments]",8dba95c11f83,/u/JKUAN108,https://www.reddit.com/r/TaylorSwift/comments/1sstca9/taylor_swift_the_life_of_a_showgirl_case_heads_to/,2026-04-22T18:07:09+00:00,2026-04-22 18:07:09+00:00,https://www.reddit.com/r/TaylorSwift/search.rss?q=album&restrict_sr=1&sort=new&t=year
Reddit,TaylorSwift,Taylor Swift’s Blockbuster Album Celebrates Reaching A Chart Milestone,Congrats to TTPD! I think that this is her best album. submitted by /u/Iamstitch626 [link] [comments],2399ef86871b,/u/Iamstitch626,https://www.reddit.com/r/TaylorSwift/comments/1ss7odf/taylor_swifts_blockbuster_album_celebrates/,2026-04-22T01:49:19+00:00,2026-04-22 01:49:19+00:00,https://www.reddit.com/r/TaylorSwift/search.rss?q=album&restrict_sr=1&sort=new&t=year
Reddit,TaylorSwift,Happy 2nd Anniversary to The Tortured Poets Department,"It is the 2nd anniversary of ""The Tortured Poets Department"". What are your memories of this album? How do you view it today? I like the comparisons with classic literature and poetry and rate this album highly, as I have since its origin. I think Taylor wrote this album for herself and for the fans and didn't really care about critic responses to it. submitted by /u/Femto-Griffith [link] [comments]",ca7665f97b10,/u/Femto-Griffith,https://www.reddit.com/r/TaylorSwift/comments/1spg7rr/happy_2nd_anniversary_to_the_tortured_poets/,2026-04-19T02:11:18+00:00,2026-04-19 02:11:18+00:00,https://www.reddit.com/r/TaylorSwift/search.rss?q=The+Tortured+Poets+Department&restrict_sr=1&sort=new&t=year
Reddit,TaylorSwift,Taylor's Clock of Colours,"I recently had an idea after maybe mildly obsessing over the colours for each era... So here it is! The Clock of Colours. The first image has a primary and secondary colour associated with every album. The second image has the closest font I could find through Google. Of course, you can also download the official fonts, but these are just for use in Google's office suite. Scroll to the bottom if you want the colour codes for each album (includes TVs too!) How I picked the colours: To start, I went to Taylor's website and grabbed the two colours for each album. In the archive section, I was able to get the exact colours from the website code. I then looked over the album covers, the themes of each album, as well as the consensus of their associated colours. Debut: Aqua Green/Sea Green I know, I know. Taylor says it's green, but I honestly think it's actually teal, which is a sort of greenish blue. The summer vibes, the teenage innocence, and the several hues of green and blue that appear on the album... teal makes the most sense to me. Fearless: Pale Yellow/Bronze Speak Now: Pale Purple/Deep Fuchsia Red: Violet-Red/Tan Strangely, the original Red wasn't pure red! It was a violet-red, while the secondary colour is closer to a tan shade. 1989: Sky Blue/Lilac I totally agree that Sky Blue is 1989's main colour, but there are some hints of lilac and lavender in here, not only in the shirt she's wearing on the cover, but also in the promotion of this album as a synth-heavy 80s-inspired pop opus from Taylor. Sand could definitely be a second colour too, but I'll save that for TV since it's more prominent there! Reputation: Inky Black/Light Gray Lover: Pastel Pink/Magenta Folklore: Light Gray/Inky Black Unquestionably grey and basically a flip of Reputation's colours. Evermore: Light Brown/Dark Brown Midnights: Navy Blue/Pastel Blue Though I think most people think Reputation as the counterpart to Lover, I actually think that title belongs to Midnights. Not only are they both heavily inspired by the same relationship, but one is a bright pink and mostly upbeat, and the other is a darker blue and mostly heartbreaking. The Tortured Poets Department: Plaster White/Muted Brown I was pleasantly surprised to see that the official website colours match what I've always seen TTPD as: not a pure white, but an off-white. The Life of a Showgirl: Bright Orange/Bright Turquoise This is just a theory, but I actually think the prominent use of that greenish-blue on the album cover is a bit of a nod to Debut TV, which is almost certainly coming out this summer. But this is also my justification for this horrible combination of colour. Sorry if you're a fan of it, I just find the colours clash REALLY badly. Taylor's Versions: Fearless (Taylor's Version): Light Yellow/Dark Brown Speak Now (Taylor's Version): Pale Purple/Deep Purple Red (Taylor's Version): Wine Red/Tan 1989 (Taylor's Version): Sky Blue/Sand COLOUR CODES: DEBUT || #47e4db / #00b49f FEARLESS || #fddaa6 / #c0832a SPEAK NOW || #d6badc / #8b2b6b RED || #881840 / #c7b2a2 1989 || #c5c5f7 / #d6e9ff REPUTATION || #2a2628 / #cacaca LOVER || #fbb3d1 / #b9577d FOLKLORE || #d5d5d5 / #181818 EVERMORE || #e0c9af / #2e2327 MIDNIGHTS || #1f2e43 / #e0edfd THE TORTURED POETS DEPARTMENT|| #eeedeb / #9e958b THE LIFE OF A SHOWGIRL || #f15f22 / #8dcfb1 FEARLESS (TV) || #fddaa6 / #472d00 SPEAK NOW (TV) || #d6badc / #6a326f RED (TV) || #7b2d3a / #c7b2a2 1989 (TV) || #d1f3ff / #e2d0ba submitted by /u/Visionz97 [link] [comments]",0fccfdb5aa23,/u/Visionz97,https://www.reddit.com/r/TaylorSwift/comments/1sode8i/taylors_clock_of_colours/,2026-04-17T20:57:53+00:00,2026-04-17 20:57:53+00:00,https://www.reddit.com/r/TaylorSwift/search.rss?q=The+Tortured+Poets+Department&restrict_sr=1&sort=new&t=year
Reddit,TaylorSwift,I embroidered my favourite part of the tortured poets dept prologue 🪡,submitted by /u/shopenchantedplanet [link] [comments],56d571a52a2d,/u/shopenchantedplanet,https://www.reddit.com/r/TaylorSwift/comments/1sh2jgh/i_embroidered_my_favourite_part_of_the_tortured/,2026-04-09T21:13:40+00:00,2026-04-09 21:13:40+00:00,https://www.reddit.com/r/TaylorSwift/search.rss?q=The+Tortured+Poets+Department&restrict_sr=1&sort=new&t=year
Reddit,TaylorSwift,The Tortured Poets Department is now being appreciated and loved compared 2 years ago when it was released..,"Will you still keep the whole 31 tracks like what Taylor did or would you trim it down and rearrange the tracklist to make it more appealing and cohesive? I know, some will say that “this is not for the charts” and “Taylor purposely did it because it was an album where she wants to put out all her thoughts then completely move on”. But personally, I would still cut some tracks that really did not stick with me and with almost all of the Swifties. Keyword “almost all”. If she played her cards right, this album would have been loved from the beginning. This would be my tracklist: STANDARD ALBUM - patterned to Lover with 18 Tracks 1.) Fresh Out The Slammer 2.) Fortnight 3.) The Black Dog 4.) My Boys Only Breaks His Favorite Toys 5.) So Long, London 6.) Chloe or Sam or Sophia or Marcus 7.) Down Bad 8.) The Tortured Poets Department 9.) I Look In People’s Windows 10.) But Daddy I Love Him 11.) Guilty As Sin? 12.) loml 13.) The Prophecy 14.) Who’s Afraid of Little Old Me? 15.) I Can Do It With A Broken Heart 16.) The Bolter 17.) The Smallest Man Who Ever Lived 18.) Clara Bow DELUXE TRACKS (ANTHOLOGY) - overall same length with Fearless (Taylor’s Version) 19.) Florida!!! 20.) The Albatross 21.) imgonnagetyouback 22.) So High School 23.) The Alchemy 24.) I Can Fix Him (No I Really Can) 25.) Peter 26.) How Did It End? 27.) The Manuscript Not really a fan of thank you aimee and Cassandra (she sang a lot of times about the themes of these songs, and both have no replay value), I Hate It Here (do I need to say more? she was so criticized for a line in this song, and for what?), and Robin (I don’t need to explain this, its streams are enough evidence that we collectively don’t like this song). And what was she thinking for not making that as the Main Album cover or even the Anthology cover on streaming? Any thoughts? submitted by /u/Resident-Priority239 [link] [comments]",890213d2ee73,/u/Resident-Priority239,https://www.reddit.com/r/TaylorSwift/comments/1sgyjfq/the_tortured_poets_department_is_now_being/,2026-04-09T18:48:55+00:00,2026-04-09 18:48:55+00:00,https://www.reddit.com/r/TaylorSwift/search.rss?q=The+Tortured+Poets+Department&restrict_sr=1&sort=new&t=year
Reddit,TaylorSwift,Tortured Poets is her best album,"Ok, hear me out. Every single thing about this grief and about this relationship was so well thought out, that I feel like I know every aspect of what she was feeling and experiencing in that time. At its core, this album is about 2 things - fame/social pressure, and the loss of love. The commentary on the public eye is so heartbreakingly thorough, and you understand why she’s feeling how she’s feeling. This album also bleeds between fantasy and reality. This album is a fully realized “folklore” to me. No because folklore is bad or anything but because they tread similar themes (they were written about the same person mainly). Part of the reason Tortured Poets hits as hard as it does is because of the albums leading up to it, almost foreshadowing what’s to come. I know a lot of people really disliked the writing on this album, saying it was corny and cheesy, however, touching back on how thorough this albums story is, it makes sense. She was in her own little cloud of grief while writing this, analysing everything as she tried to process these two huge losses. Sometimes you have to get creative to express yourself, because the standards don’t cut it anymore. Case and point: I Hate it Here I Hate it Here is a brilliantly written song. From the first punch with the finance guy line to the conclusion. I interpret that first line as somebody trying to tell her how to express her sadness through her loss. A typical man (a finance guy) critiquing and judging her work like a poet. And then the lines about the 1830s paralleling the lunar valleys and secret gardens she escapes to. It shows that even a time period from a hundred years ago still roots around back to reality, and “nostalgia is a minds trick.” Down Bad is a term that I wouldn’t expect to be in a Taylor Swift song, ever. But this song is still brilliant. Our lowest moments bring out our childish sides, and I don’t think that there’s anything wrong with that. And that song and the alien theme are just brilliant and so good. I understand that this album isn’t perfect and maybe 5 or 6 songs could have been cut to make it better, and not all the lyricism hits, but it’s still a gem. The title track especially has a couple lyrics that could’ve been edited (side note: that song has one of the most gorgeous hooks she’s ever written and people sleep on it) It’s messy songwriting at its finest with probably my favorite soundscape she’s had to date. TL:DR: Good writing submitted by /u/London_Boy12 [link] [comments]",5e07ab7021ef,/u/London_Boy12,https://www.reddit.com/r/TaylorSwift/comments/1s7gns8/tortured_poets_is_her_best_album/,2026-03-30T04:23:27+00:00,2026-03-30 04:23:27+00:00,https://www.reddit.com/r/TaylorSwift/search.rss?q=The+Tortured+Poets+Department&restrict_sr=1&sort=new&t=year
Reddit,TaylorSwift,"A rant about ""making Taylor songs about her exes""","Ok, if you've been around this sub or any of the non-gossip obsessed parts of the fandom before, you've probably heard people replying to any time anyone tries to claim a song is about someone saying ""that you're making Taylor's music about men"" and saying that's misogynistic, and to be honest, this has been pmo for a while. I wanted to first say that I'm not trying to dictate how you should engage with Taylor's music or endorse people who make up fake narratives about her relationships based on very loose interpretations of her songs. But I do think people who analyze songs in isolation, because they refuse to tie any of them to a muse, are hindering their interpretation of the work. We can all agree that Taylor first and foremost is a chronicler of love (I think Sally Rooney is a really good comparison), and especially recently her work has become progressively more self referential and songs serve more as pieces to build up an overall story throughout her discography (TTPD and Midnights for example), and when you're primarily telling love stories who the muse is factors into that (different muses probe different feelings, make her reflect on love and herself in different ways, and when you remove the muse you're ignoring all those themes). And to be honest, you're really missing out. The story Taylor tells of her and Joe, from reputation to tortured poets, or her and Matty, is brilliantly constructed, and most modern romance pales in comparison to both of them. And when you ignore the muse, you're unable to tie the songs together, and therefore, have a worse understanding of them and the story she's trying to tell. And if I'm really getting on my soapbox, I really think this is because people disrespect romance as a genre. You don't respect the skill it takes to construct a good love story, so you don't see any value in analyzing Taylor's work through that lens, because you see it as shallow or frivolous. The truth is a good love story is extremely hard to write, it requires an in depth understanding of the characters you're writing that most genres don't, in a good love story characters are perfect foils of one another, the entire narrative and relationship is constructed to create an in depth dissection of these characters (sound like a certain album released in 2024?) Anyway, would love to hear your thoughts. TTPD greatest album ever made submitted by /u/South-Background5009 [link] [comments]",5c7d3d439291,/u/South-Background5009,https://www.reddit.com/r/TaylorSwift/comments/1s70z8h/a_rant_about_making_taylor_songs_about_her_exes/,2026-03-29T17:18:01+00:00,2026-03-29 17:18:01+00:00,https://www.reddit.com/r/TaylorSwift/search.rss?q=The+Tortured+Poets+Department&restrict_sr=1&sort=new&t=year
Reddit,TaylorSwift,It’s been 23 months since the release of The Tortured Poets Department. How would you rank all 31 tracks?,"On April 19, 2024, Taylor Swift released The Tortured Poets Department and The Tortured Poets Department: The Anthology. It debuted at #1 on the BB200 with over 2.6 million sales in the US in its first week, staying atop for a total of 17 weeks. Initially, the album received polarizing reviews, but recently, people have been praising it heavily. Personally, I think TTPD is Taylor’s strongest album by a mile. It’s the only album of hers that I still regularly revisit, and there’s never any point in the entire 2 hours where I’m bored; just a genuine, raw, mature display of true passion. The satirical aspect of it (especially the title track and BDILH) is brilliant because it shows true self-awareness that’s subtle in its delivery. Taylor truly encapsulates what it feels like to be stuck in a state of delusion, believing your entire world will burn if you can’t have that one person. But then realizing later on that you weren’t seeing clearly and you begin to poke fun at yourself. Regardless, the album aged like fine wine! It just gets better with every listen. Here’s my ranking of all 31 tracks: 1. The Tortured Poets Department IMO, this is her most unhinged song ever (and ironically is the entire thesis of the album). The song dives into her complex situationship with the 1975 band member Matty Healy, in a lyrically heavy, unfiltered, and occasionally cringe song about their two week long fling. The melody takes a bit of time to grow; the beat is mid-tempo, and the production is purposefully restrained. It's not meant to grab you on first listen like a radio pop hit; the tiny elements of production reveal themselves over time. The transition from ""This ain't the Chelsea Hotel, we're two idiots"" into ""Who's gonna hold you?"" In the outro is heavenly. And don't even get me started on the outro itself. I just love every part of this song. She knows her relationship didn't mean much looking back, but at the time, it felt real. 2. Fortnight (ft. Post Malone) Beautiful track, hands down. Mature and brutal lyrics with a plucky bass that slowly evolves into a grand explosion of ambient pads and Taylor and Post Malones beautiful, harmonic vocals. If you’ve ever wondered what true yearning feels like, this is the answer. 3. Guilty as Sin? This one speaks for itself. It should’ve been a single and it should’ve had a music video. Now for the rest: The Black Dog imgonnagetyouback Down Bad loml Chloe or Sam or Sophia or Marcus I Hate it Here BDILH So Long, London Florida!!! Fresh Out the Slammer WAOLOM? The Prophecy MBOBHFT The Bolter I Can Do It With a Broken Heart The Smallest Man Who Ever Lived The Albatross How Did It End? Peter So High School Cassandra I Look in People’s Windows I Can Fix Him (No Really I Can) The Alchemy Clara Bow thanK you aIMee Robin The Manuscript This was incredibly difficult as I love every song. How would you rank them? If you can’t do all 31, what are your top 10? submitted by /u/Inevitable_Section34 [link] [comments]",6c2ed4e7dff2,/u/Inevitable_Section34,https://www.reddit.com/r/TaylorSwift/comments/1s26n1p/its_been_23_months_since_the_release_of_the/,2026-03-24T06:59:39+00:00,2026-03-24 06:59:39+00:00,https://www.reddit.com/r/TaylorSwift/search.rss?q=The+Tortured+Poets+Department&restrict_sr=1&sort=new&t=year
Reddit,TaylorSwift,‘TTPD’ in style of ‘The Life of a Showgirl’ album cover by me 🤍❤️‍🔥,submitted by /u/goldentayslight [link] [comments],501c6ea976e4,/u/goldentayslight,https://www.reddit.com/r/TaylorSwift/comments/1rytgdj/ttpd_in_style_of_the_life_of_a_showgirl_album/,2026-03-20T11:15:10+00:00,2026-03-20 11:15:10+00:00,https://www.reddit.com/r/TaylorSwift/search.rss?q=The+Tortured+Poets+Department&restrict_sr=1&sort=new&t=year
Reddit,TaylorSwift,What is a song(s) that you completely misinterpreted?,"When I first heard Clara Bow (very late in the night when The Tortured Poets Department dropped), I completely missed the song being written about the misogyny, processes, and lasting cost of being famous in the entertainment and music industries. Instead, I had initially thought that it was a song where the muse was literally saying that Taylor physically looked like Clara Bow, then Stevie Nicks in an actual light to them. I thought that this was supposed to show and express how romantic that she appeared to the muse as well as show that the muse is in awe of how successful she truly is and comes to the realization that she looks like “Taylor Swift in this light” near the end of the song because the muse has finally gotten to truly know her, after spending enough time with her. submitted by /u/SoIongIondon [link] [comments]",d92d0746f549,/u/SoIongIondon,https://www.reddit.com/r/TaylorSwift/comments/1ruyrth/what_is_a_songs_that_you_completely_misinterpreted/,2026-03-16T03:35:00+00:00,2026-03-16 03:35:00+00:00,https://www.reddit.com/r/TaylorSwift/search.rss?q=The+Tortured+Poets+Department&restrict_sr=1&sort=new&t=year
Reddit,TaylorSwift,What if The Tortured Poets Department and The Life of a Showgirl was one album?,"Includes, what the album would look like, the tracklist, instagram post, prologue and epilogue and vinyl. Enjoy! submitted by /u/MolaitoReddit [link] [comments]",2c8bf747e9ed,/u/MolaitoReddit,https://www.reddit.com/r/TaylorSwift/comments/1rn4oqd/what_if_the_tortured_poets_department_and_the/,2026-03-07T08:24:58+00:00,2026-03-07 08:24:58+00:00,https://www.reddit.com/r/TaylorSwift/search.rss?q=The+Tortured+Poets+Department&restrict_sr=1&sort=new&t=year
Reddit,TaylorSwift,which taylor album feels like which olympian god (my pov),"debut is hermes/artemis fearless is apollo speak now is hera red is ares/haphaestus 1989 is posiedon reputation is hades lover is aphrodite midnights is zeus folklore is cynthia evermore is demeter the tortured pet's department is athena showgirl is dionysus PS: for anyone wondering why I mentioned artemis twice, once as cynthia and once as artemis, ik cynthia is artemis's lunar epithet but it gives me folklore vibes bc it refers to her moon side and I just couldn't think of anyone else for folklore. folkore feels very winter/moon coded to me. hehe :)) also, just noticed that both ares and haphaestus give me red vibes. prolly cause of the emotional intensity and diversity of the ablum. if you're a nerd and yk the lore of aphrodite then you get the inside joke lmao. tehehehe :p cyaaaa <3 submitted by /u/Dangerous-Prompt-201 [link] [comments]",12607c327426,/u/Dangerous-Prompt-201,https://www.reddit.com/r/TaylorSwift/comments/1rkh4wk/which_taylor_album_feels_like_which_olympian_god/,2026-03-04T09:35:32+00:00,2026-03-04 09:35:32+00:00,https://www.reddit.com/r/TaylorSwift/search.rss?q=The+Tortured+Poets+Department&restrict_sr=1&sort=new&t=year
Reddit,TaylorSwift,Which character or person would you consider to be part of The Tortured Poets Department?,"Here’s my list : 1. Benedict Bridgerton — from Bridgerton 2. Elio Perlman — from Call Me by Your Name 3. Charlie — from The Perks of Being a Wallflower 4. Prince Henry — from Red, White & Royal Blue 5. King George III — from Queen Charlotte: A Bridgerton Story 6. Jess Mariano — from Gilmore Girls 7. Hermione Granger — from Harry Potter 8. Matilda Wormwood — from Matilda 9. Remus Lupin — from Harry Potter 10. Severus Snape — from Harry Potter 11. Rosie Betzler — from Jojo Rabbit 12. Jud Duplenticy — from Wake Up Dead Man: A Knives Out Mystery 13. Mr. Darcy — from Pride and Prejudice 14. Elizabeth Bennet — from Pride and Prejudice 15. Bruce Wayne — from The Dark Knight Trilogy 16. Haku — from Spirited Away 17. Harry Cameron — from The Seven Husbands of Evelyn Hugo 18. Sylvia Plath submitted by /u/so-i-fall [link] [comments]",c5b948593538,/u/so-i-fall,https://www.reddit.com/r/TaylorSwift/comments/1rjzv89/which_character_or_person_would_you_consider_to/,2026-03-03T20:04:42+00:00,2026-03-03 20:04:42+00:00,https://www.reddit.com/r/TaylorSwift/search.rss?q=The+Tortured+Poets+Department&restrict_sr=1&sort=new&t=year
Reddit,TaylorSwift,Guess the songs that inspired me to draw these!,"Hint: Unfortunately, none are from Taylor Swift, Folklore, The Tortured Poets Department, The Life Of A Showgirl, Reputation, Midnights, (and some more albums I won't list to not make this too easy). (Drawings are from oldest to newest, the first one is from a year ago, the last few are from last week) submitted by /u/I_Hate_ItHereTTPDfan [link] [comments]",f256287675ed,/u/I_Hate_ItHereTTPDfan,https://www.reddit.com/r/TaylorSwift/comments/1riiyc8/guess_the_songs_that_inspired_me_to_draw_these/,2026-03-02T04:16:48+00:00,2026-03-02 04:16:48+00:00,https://www.reddit.com/r/TaylorSwift/search.rss?q=The+Tortured+Poets+Department&restrict_sr=1&sort=new&t=year
Reddit,TaylorSwift,"If you had to make 6 pairs from the 12 albums, how would you do it?","Personally, I would say Debut/Fearless- The childhood memories involving high school and being a teenager with a lot of country influences. She’s building towards her dream before her fame reaches big heights. Speak Now/Red- Navigating through the beginning years of adulthood and heartbreak with so many emotions as her fame develops. She’s learning, maturing, growing, and losing more than she had ever preceded as her life changes. It’s a mix of pop and country with the pop elements only growing strong. 1989/Reputation- Full-on pop that gives vibes of being in a city. They’re bold and intense while celebrating her status from a popular musician to a household name. Lover/The Life of a Showgirl- They’re both pop albums that most people find have very high highs and very low lows. They’re a complete 180 from her previous albums, and they’re both mainly* optimistic and full of love. folklore/evermore- The folk sister albums with outdoorsy vibes, deep lyricism, and very cohesive themes that represent a cottage-core aesthetic. They’re both calming and represent a Taylor who does less promotion (like Reputation) and is more private with her spotlight. Midnights/The Tortured Poets Department- The sad pop albums which incorporate some folk-inspired elements to create a long body of poetic work (53 unique tracks among the two of them with just a single vault track). She comes face to face with her past and experiences some of her what-ifs. They cover how one relationship fades away while another rebounds and crashes yet again as she enters the spotlight once again. submitted by /u/SoIongIondon [link] [comments]",d92d0746f549,/u/SoIongIondon,https://www.reddit.com/r/TaylorSwift/comments/1rftebm/if_you_had_to_make_6_pairs_from_the_12_albums_how/,2026-02-27T01:47:05+00:00,2026-02-27 01:47:05+00:00,https://www.reddit.com/r/TaylorSwift/search.rss?q=The+Tortured+Poets+Department&restrict_sr=1&sort=new&t=year
Reddit,TaylorSwift,TTPD and Wuthering Heights,"Hi everyone! I just watched the new Wuthering Heights movie and I was deeply disappointed by it. Not so much because of a lack of faithfulness to the original novel, but rather because the complex psychology of the characters felt flat, along with other things I won't get into since that's not the point of this post. However, thinking back to the book, I remembered how TTPD really managed to capture, at least in part, the essence of Emily Brontë's masterpiece. There is a thread connecting TTPD to Brontë's work. Listening to this album gives me a very similar feeling to when I read the pages of Wuthering Heights: you find yourself immersed in a desolate emotional setting, where feelings are primal forces out of control. Both works deliberately dismantle the idea of love as a comforting, romantic fairytale to explore its more destructive potential. In Wuthering Heights, the obsession between Catherine and Heathcliff is a feeling that consumes and destroys anyone around them. It's a fatal love, and Taylor translates this concept into a modern key right from the opening of the album when in Fortnight she says, ""I love you, it's ruining my life."" There is no peace in this devotion. TTPD's songs move through graveyards, wedding promises, and ghosts of past loves that refuse to stay buried. This sense of claustrophobia is amplified by the theme of madness and social constraints. In the novel, Catherine slips into delirium, worn out by the inner conflict between her true wild nature and the golden cage forced on her by the rules of society. TTPD adopts this narrative, for example with the asylum aesthetic and the repressed anger that explodes in tracks like “Who's Afraid of Little Old Me?” . Both Brontë and Swift show us women labeled as ""crazy"" by a world that pushed them over the edge, trying to seduce them only to tame them. In Wuthering Heights, anger is never a polite or contained emotion: it is fierce and ruthless. Heathcliff builds his whole life on resentment, but it is Catherine's female fury that is truly revolutionary: a primal force that destroys herself and others when she is crossed. Swift captures this same vindictive essence, moving away from passive sadness to embrace an unapologetic anger. When she throws her accusations in “The Smallest Man Who Ever Lived” there is no trace of forgiveness. Just like Catherine, Taylor claims the right to be unpleasant, to get revenge on those who hurt her, and to turn pain into a weapon, refusing to suffer in silence. Obviously, at the center of these emotional storms, we find the ""tortured poet"". Heathcliff is the ultimate cursed anti-hero: a man who uses his own pain and nature as a weapon, justifying his cruelty with his own trauma. Taylor analyzes this male representation by stripping away its charm to show its most narcissistic and petty sides. Both works warn us against those who use their own darkness as an excuse to destroy the people around them. There is one last, fundamental connection that permanently binds these two works, and it's about the subversive courage of their authors in challenging the expectations of their time. Brontë was revolutionary for giving the world a work like this. On the other hand, with TTPD, Taylor chose an absolute and ruthless vulnerability, exposing without filters even her most capricious, chaotic, and childish traits. Both authors rejected the comforting ""good girl"" label, choosing to show the human and female soul in its completely imperfect nature. However, there is a big missing piece in TTPD: the lack of visuals that live up to it. Considering the album's huge narrative and aesthetic potential – imagery so full of gothic atmospheres, stormy moors, wedding rings, and veils – it's really a shame that the era wasn't supported by more than one music video or, more generally, by memorable visuals. Such an aesthetic would have deserved to be explored much more, doing justice to the complexity and depth of the record. What do you guys think?🤍✒️ submitted by /u/EducationalScience59 [link] [comments]",310168e8ca45,/u/EducationalScience59,https://www.reddit.com/r/TaylorSwift/comments/1rap1dl/ttpd_and_wuthering_heights/,2026-02-21T11:37:36+00:00,2026-02-21 11:37:36+00:00,https://www.reddit.com/r/TaylorSwift/search.rss?q=The+Tortured+Poets+Department&restrict_sr=1&sort=new&t=year
Reddit,TaylorSwift,The Life of a Showgirl & Lover,"I don't know if this has been brought up before but has anyone else noticed that the relationship between The Tortured Poets Department and The Life of a Showgirl kinda feels similar (though not a 1-for-1) to the relationship between Reputation and Lover? Like, both Reputation and TTPD were kinda more gloomier albums, especially with their monochromatic covers. But then the next album is more bright, more colorful, and just overall more cheerful? Idk, maybe I'm reaching, but it's something I haven't really seen anyone bring up and I personally think it's kinda interesting. submitted by /u/TheDumbOne04 [link] [comments]",fed6fe02b85f,/u/TheDumbOne04,https://www.reddit.com/r/TaylorSwift/comments/1qpfddz/the_life_of_a_showgirl_lover/,2026-01-28T16:03:00+00:00,2026-01-28 16:03:00+00:00,https://www.reddit.com/r/TaylorSwift/search.rss?q=The+Tortured+Poets+Department&restrict_sr=1&sort=new&t=year
Reddit,TaylorSwift,Understanding Tarot Through Taylor Swift Songs,"Hey everyone, I’ve been trying to understand Tarot through a lens that really resonates with me : Taylor Swift songs. Over the past days, I’ve been mapping songs to each card, Major Arcana and Minor Arcana alike, to explore their archetypes in a way I can personally connect with. Here’s my complete list in case you're interested. I'm also open to discussion :) ✨️ Major Arcana — Taylor’s Version The Fool — Begin Again New beginnings, open heart, trust in the leap forward. I. The Magician — Mastermind Manifestation, strategy, power to shape reality. II. The High Priestess — cardigan Intuition, inner wisdom, hidden truths, gentle depth. III. The Empress — The Best Day Maternal love, abundance, care, creation, safety. IV. The Emperor — The Man Structure, authority, control over one’s narrative. V. The Hierophant — Clara Bow Tradition, identity, role models, the weight of expectations. VI. The Lovers — Love Story Heartfelt choices, connection, romantic harmony. VII. The Chariot — …Ready For It? Willpower, momentum, direction, unstoppable movement. VIII. Strength — Call It What You Want Inner strength, softness as power, love that stabilizes. IX. The Hermit — The Manuscript Introspection, solitude, inner search, self-knowledge. X. Wheel of Fortune — Invisible String Fate, synchronicity, the invisible web of life. XI. Justice — Karma Balance, fairness, cause and effect, moral clarity. XII. The Hanged Man — this is me trying Surrender, perspective shift, pause, vulnerable transformation. XIII. Death — All Too Well (10 Minute Version) Endings and rebirth, letting go, grief that allows growth. XIV. Temperance — peace Balance, healing, harmony, gentle integration of opposites. XV. The Devil — Treacherous Temptation, obsession, magnetic but dangerous attraction. XVI. The Tower — The Great War Collapse, crisis, truth breaking everything to start anew. XVII. The Star — Enchanted Hope, light, inspiration, feeling able to believe again. XVIII. The Moon — Labyrinth Illusion, fear, confusion, getting lost in your emotions. XIX. The Sun — Daylight Clarity, joy, truth, love that illuminates everything. XX. Judgement — evermore Resurrection, insight, reconciliation with the past. XXI. The World — Long Story Short Completion, integration, closing a cycle, new beginnings. 🪙Pentacles — Taylor’s Version Ace of Pentacles — Welcome To New York New beginnings, fresh opportunities, fertile ground. Two of Pentacles — State of Grace Balance, rhythm, managing two forces at once. Three of Pentacles — Everything Has Changed Collaboration, co-creation, building something new. Four of Pentacles — hoax Holding on out of fear, inability to let go. Five of Pentacles — Sad Beautiful Tragic Cold, loss, distance, emotional scarcity. Six of Pentacles — You Belong With Me Giving and receiving, inequality, dynamics in love. Seven of Pentacles — You’re Losing Me Evaluation, doubt, “is this worth it?” Investment or stop. Eight of Pentacles — You’re On Your Own, Kid Hard work, discipline, growth through effort. Nine of Pentacles — Bejeweled Self-sufficiency, luxury, independence, confidence. Ten of Pentacles — Long Live Legacy, what remains after you. Page of Pentacles — A Place In This World Learner, first steps, seeking direction. Knight of Pentacles — Clean Persistence, consistency, choosing growth every day. Queen of Pentacles — Wi$h Li$t Domesticity, mature desire for stability, building life with someone. King of Pentacles — Father Figure Power, wealth, authority, “empire-builder” energy. 🪄Wands — Taylor’s Version Ace of Wands — Dress Spark, desire, pure heat, immediate attraction. Two of Wands — Speak Now Vision, daring to choose, a leap into the unknown. Three of Wands — Style Expansion, momentum, horizon opening. Four of Wands — Paper Rings Celebration, coming home, harmony, milestone joy. Five of Wands — Bad Blood Conflict, clashing egos, chaos, no clear winner. Six of Wands — Shake It Off Victory, recognition, triumph through resilience. Seven of Wands — Mean Defending your place, facing criticism, standing firm. Eight of Wands — Getaway Car Speed, movement, impulsivity, everything too fast to think. Nine of Wands — The Archer Scars, vulnerability, perseverance, tired but determined. Ten of Wands — tolerate it Overload, carrying too much, emotional burden without support. Page of Wands — 22 Playfulness, impulsiveness, youthful energy, creative curiosity. Knight of Wands — Cruel Summer Passion, recklessness, fiery attraction, stormy intensity. Queen of Wands — Wildest Dreams Charisma, sensuality, magnetic energy, warm, enchanting fire. King of Wands — New Romantics Visionary leadership, charisma, direction, grand inspiring energy. ⚔️Swords — Taylor’s Version Ace of Swords — Cassandra Truth, insight, mental breakthrough, cutting through illusion. Two of Swords — exile Block, silence, two truths that don’t meet. Three of Swords — loml Heartbreak, loss, pain that cuts deep. Four of Swords — the lakes Rest, retreat, mental healing, solitude. Five of Swords — Afterglow Argument, regret, nobody wins; taking responsibility. Six of Swords — The Bolter Leaving, transition, saving yourself by moving on. Seven of Swords — ivy Secrets, forbidden love, hiding something that consumes you. Eight of Swords — Dear Reader Mental prison, overthinking, stuck in your own thoughts. Nine of Swords — Nothing New Anxiety, insecurity, existential panic, sleepless nights. Ten of Swords — Down Bad Collapse, rock bottom, emotional meltdown. Page of Swords — The Story of Us Young, nervous mental energy; observation, miscommunication. Knight of Swords — Dear John Confrontation, sharp words, cutting mental clarity. Queen of Swords — Who’s Afraid of Little Old Me? Truth, boundaries, independence, no room for bullshit. King of Swords — It’s Time to Go Logic, strategy, rational farewell, mental maturity. 🍷Cups — Taylor’s Version Ace of Cups — Snow On The Beach New beginnings in love, wonder, gentle emotional openness. Two of Cups — Lover Mutual love, harmony, two people choosing each other. Three of Cups — It’s Nice To Have A Friend Friendship, support, warm connection, gentle intimacy. Four of Cups — Guilty As Sin? Dissatisfaction, longing for something else, emotional distance. Five of Cups — Last Kiss Grief, loss, regret, lingering sadness. Six of Cups — Holy Ground Nostalgia, memories, looking back gently. Seven of Cups — The Tortured Poets Department Illusion, confusion, fantasy, emotional fog, overthinking. Eight of Cups — Better Man Farewell, leaving, choosing yourself over pain. Nine of Cups — New Year’s Day Emotional fulfillment, quiet love, contentment. Ten of Cups — Mary’s Song (Oh My My My) Harmony, lifelong love, the soft fairytale that works. Page of Cups — So High School Youthful crushes, dreaminess, playful emotional curiosity. Knight of Cups — Cowboy Like Me Romance, charm, seduction, idealistic but complex love. Queen of Cups — Sweet Nothing Softness, empathy, intuition, love that feels safe and warm. King of Cups — You Are In Love Mature love, emotional stability, deep connection. I really loved looking at her songs through a different, deeper lens. Thanks for reading :) submitted by /u/devoslander [link] [comments]",429662b4208c,/u/devoslander,https://www.reddit.com/r/TaylorSwift/comments/1qm4lbl/understanding_tarot_through_taylor_swift_songs/,2026-01-25T00:57:06+00:00,2026-01-25 00:57:06+00:00,https://www.reddit.com/r/TaylorSwift/search.rss?q=The+Tortured+Poets+Department&restrict_sr=1&sort=new&t=year
Reddit,TaylorSwift,Life of a Showgirl vs Tortured Poets Sound Mix.,I've been listening to alot of Life of a Showgirl in the car which has a great speaker system. I recently went back and listened to Tortured Poets and noticed an immediate difference in the sound mix and mastering. Tortured Poets sounds like it was mixed and mastered better. The songs sound fuller and more rich compared to Life of a Showgirl. Anyone else notice this? Or is it just my imagination. submitted by /u/Mirrordomains [link] [comments],6e28c209705f,/u/Mirrordomains,https://www.reddit.com/r/TaylorSwift/comments/1qih3s0/life_of_a_showgirl_vs_tortured_poets_sound_mix/,2026-01-20T23:21:36+00:00,2026-01-20 23:21:36+00:00,https://www.reddit.com/r/TaylorSwift/search.rss?q=The+Tortured+Poets+Department&restrict_sr=1&sort=new&t=year
Reddit,TaylorSwift,"Got a bit emo over Bigger Than The Whole Sky, and it led to an epiphany","I noticed the second verse closes with “…it’s not meant to be, so I’ll say words I don’t believe ”, followed by the chorus (“Goodbye, goodbye you were bigger than the whole sky…I’m never gonna meet what could’ve been, would’ve been, what should’ve been you”). What I realized is that, while the chorus after the first verse can be taken sincerely, the second verse makes it sound like the chorus is not fully sincere! Because after hearing “I’ll say words I don’t believe ”, we could technically view the following chorus as the “words [she doesn’t] believe” - implying that her “goodbye” to what could’ve been isn’t fully sincere because she actually can’t bring herself to truly let it go… 🥺 Others probably understood this already, lol, but it just clicked for me so I wanted to share anyway, at least in the hopes it can be comforting or cathartic for others :). For me it adds even more meaning to the chorus and song, the way she’s trying to say something consoling (“I’ve got a lot to pine about/live without” => I can still move on and live a decently happy life even without this person/thing I lost, etc), but in the end she still doesn’t fully believe it. For me, it makes this a song about not just loss, but loss without fair closure . And that’s why it “ should’ve been”, because the lack of closure isn’t even your fault (and in many cases not even the fault of the person/thing you lost either)… It makes me even more grateful for an album like The Tortured Poets Department being made afterwards, which to me explores a lot about processing grief. And perhaps it’s also a way for us to create our own “closure”, to help us move through that grief in the moments when life itself doesn’t allow us the closure we deserve ❤️‍🩹. submitted by /u/theoristOfTheArts [link] [comments]",62feef6da411,/u/theoristOfTheArts,https://www.reddit.com/r/TaylorSwift/comments/1qa7pyd/got_a_bit_emo_over_bigger_than_the_whole_sky_and/,2026-01-11T18:58:56+00:00,2026-01-11 18:58:56+00:00,https://www.reddit.com/r/TaylorSwift/search.rss?q=The+Tortured+Poets+Department&restrict_sr=1&sort=new&t=year
Reddit,TaylorSwift,The Liminality of The Life Of A Showgirl,"The Life Of A Showgirl feels ""weird"" to a lot of people because it's liminal, a transitional album, a passage between two periods of time. It feels like it's missing something because it's just another chapter in the story, the transitional period between being a tortured poet and the next era (yes I believe that this trilogy is real). Ps. I LOOOOOOOOVE TLOAS, I just thought about what could be the perspective of the people who think it's ""off"" (it's perfect for me, one of my top 3 favorite albums alongside 1989 and midnights), or ""unlike Taylor"" and they are WRONG it's the most ""Taylor"" album ever. submitted by /u/YarryStyleeza [link] [comments]",613b684b2caa,/u/YarryStyleeza,https://www.reddit.com/r/TaylorSwift/comments/1q8yi25/the_liminality_of_the_life_of_a_showgirl/,2026-01-10T08:05:19+00:00,2026-01-10 08:05:19+00:00,https://www.reddit.com/r/TaylorSwift/search.rss?q=The+Tortured+Poets+Department&restrict_sr=1&sort=new&t=year
Reddit,TaylorSwift,Why Normal Music Reviews No Longer Make Sense for Taylor Swift,"Hi, so I was doing a sentiment analysis of TTPD because of showgirl and came across this article by The New Yorker (pasted at the end if its paywalled for you). I wanted to know your guys' opinions on what they're arguing about. Please read the article yourself, but here's a quick summary. But they're basically saying that, specifically in reference to TTPD, because Taylor's work is so self-referential, critics who try to approach it from an outsider's perspective miss its point, and much of the criticism is rendered useless because they're missing what she's trying to accomplish. One of the examples they gave is that in “imgonnagetyouback,” “whether I’m gonna be your wife or gonna smash up your bike,” seems infantile, and that she's missing a much more obvious: “whether I’m gonna be your wife or gonna smash up your life.” Which is a valid critique if you don't know that most people think she's referencing the 1975's “Fallingforyou,” “I’m so excited for the night / All we need’s my bike and your enormous house.” They talk about how many critics miss that Taylor's albums stopped being ""standalone"" music narratives a long time ago; they say she has spent two decades building the foundation of a fan universe, filled with complex, in-sequence narratives that have been contextualized through multiple perspectives across eleven blockbuster installments. Ultimately, arguing that any critique of Taylor's work that doesn't consider this fails to speak to even the most casual of her fans. And without an understanding of the back catalogue or ""lore"", very little of Swift’s music, or Taylor Swift herself, will ever make any sense. Overall, whether you agree or not, I think this is an interesting point. First, I don't agree with the idea that Tortured Poets is nonsensical unless you have an in-depth understanding of her personal life. Sure, sure, you might be missing some themes, but I don't think it's to the point where it warrants the type of criticism it was receiving.I do agree with the point that trying to understand it completely (at the level of a super-fan, which is the target audience for this album) without knowing the full ""lore"", which you need to to critique it is impossible; they give specific examples in the article, please reference that. But I'm not sure if I agree with the type of comparisons they draw; they deliberately compare this to very commercial media that requires very little of the audience (Marvel, Disney, etc.). I think this comparison diminishes the work's artistic merit. By comparing it to something like Marvel, they frame this ""universe"" Taylor creates as something done solely for profit, not to enhance the story she's trying to tell. I think they themselves prove this point by talking about what types of references she's making; she's not referencing 1975 songs to increase 1975 sales? That makes no sense. I also don't think that, if she were referencing her past work for profit, she would do so in a way that only her die-hard fans understood (that's not a very large market, and I don't think the increase in streams warrants the potential criticism). I also think that overall we're in an era in music criticism where people don't want to work for the music they're consuming (albums are short, easy to understand, and self contained), which means a lot of people ignore how hard it is to create something a narrative as strong and self-referential as TTPD in a way that doesn't feel too obvious and overdone (look at Chloe or sam for a really good example of this). I think TTPD is one of her best-written albums to date, as an overall piece of work, and honestly, it really irritates me that people overlook it lol. Would love to know your guys' opinion on the article or anything else! :) Full Article: Ask music critics what they think of Taylor Swift’s eleventh studio album, “The Tortured Poets Department,” and those who aren’t afraid of getting doxed might say something about the interminable length, the repetitive synth overlays, or the uninspired lyrics. Take “imgonnagetyouback,” a track that’s notably similar to Olivia Rodrigo’s “Get Him Back!” In the chorus, Swift sings that she hasn’t yet decided “whether I’m gonna be your wife or gonna smash up your bike.” Perhaps the lyric is meant to be somewhat infantile, but even the most novice editor should have pushed Swift toward the more obvious rhyme: “whether I’m gonna be your wife or gonna smash up your life .” Ask a Swiftie what they think of the album, though, and they may very well say that it’s her best work yet. Yes, it would have made more sense for her to rhyme “wife” with “life” in “imgonnagetyouback.” But Swift obsessives know to connect “imgonnagetyouback” with “Fallingforyou,” a song by the 1975 that was written by Swift’s ex-boyfriend Matty Healy. In it, Healy sings, “I’m so excited for the night / All we need’s my bike and your enormous house.” Swift’s mention of a bike, in “imgonnagetyouback,” is therefore an intentional creative decision, like the lack of spaces in the song’s title. Some fans have gone even further, claiming that the lack of spaces not only invites a comparison to “Fallingforyou” but to Swift’s own “Blank Space,” a song on her “1989” album. (1975, 1989—there are a lot of years to keep track of here.) “In Blank Space music video, Taylor Swift is smashing things and sings ‘Cause you know I love the players And you love the game,’ ” a YouTube user called Miranda-ry9tf writes in a comment. “In imgonnagetyouback she says ‘We broke all the pieces, but you still wanna play the game.’ ” Perhaps “Blank Space,” released in 2014, was about Healy, too? Those Swifties who have gone far down the rabbit hole might argue that Swift, by leaving out the spaces in her new song’s title, has created a kind of ouroboros—a running theme in the artist’s work since 2016, when Kim Kardashian referred to her as a “snake.” If you write the words “imgonnagetyouback” in a circle, you’ll notice that the “k” and “im” are right next to each other. This might seem like a reach—but, six tracks later, Swift mentions a mysterious rival named Aimee, on a song titled “thanK you aIMee.” It doesn’t take a Swiftie to figure out whose name the capital letters spell. There has long been a disconnect between how music critics and Swifties consume Taylor Swift’s work, but never before has that split been so pronounced. We saw it back in 2014, when “1989” became the fastest-selling album in more than a decade, but went unreviewed by Pitchfork. (The next year, the music publication instead reviewed Ryan Adams’s “1989” cover album.) In 2017, Swift’s “Reputation” was the best-selling album of the year; it received lacklustre reviews and got snubbed at the Grammys. During the pandemic, Swift narrowed the reception gap by releasing “folklore,” an album beloved by critics and fans alike. (“Some of us have spent years dreaming Taylor would do a whole album like this, but nobody really dreamed it would turn out this great,” Rob Sheffield wrote, in Rolling Stone , declaring it Swift’s “greatest album—so far.”) But whereas critics came for the “folk,” fans stayed for the “lore,” and that is the primary appeal of Swift’s latest release. “The Tortured Poets Department,” or “T.T.P.D.,” is nothing short of a Rorschach test. The tepid music reviews often miss the fact that “music” is something that Swift stopped selling long ago. Instead, she has spent two decades building the foundation of a fan universe, filled with complex, in-sequence narratives that have been contextualized through multiple perspectives across eleven blockbuster installments. She is not creating standalone albums but, rather, a musical franchise. “T.T.P.D.” has helped Swift break nearly every possible streaming record. Upon its release, it became the most-streamed album on Spotify in a single day, and Swift herself became the most-streamed artist in a single day. It was streamed 314.5 million times the day of its release; the second-biggest Spotify début this year was Beyoncé’s “Cowboy Carter,” at 76.6 million. Ariana Grande’s “eternal sunshine” came in fourth, at 59.1 million. “[Swift]’s on another level, let’s start comparing Ariana with like Olivia Rodrigo instead,” a Grande fan account wrote on X. This poster might have the right idea: Why do we compare Swift with singer-songwriters like Grande and Beyoncé, and not with Bob Iger, the media executive who turned Disney into a two-hundred-billion-dollar company? Disney owns two of the largest fan properties in existence: Star Wars and the Marvel Cinematic Universe. Marvel villains include Thanos and Doctor Doom; Taylor Swift’s villains include Scooter Braun and Kim Kardashian. (And, now, perhaps Healy.) Like the M.C.U., the Swiftverse is more than a series of plotlines and characters. It is thousands of comments under Instagram posts, an additional three hundred and thirty-two million dollars for the N.F.L., a worldwide run on bracelet beads, and the Fed wondering why inflation persists. In the Swiftverse, the music itself is not the point but the way in which the point is delivered. That’s not to say that the music is irrelevant; it serves a crucial purpose. But this purpose is different depending on whether you’re a diehard Swiftie or a casual listener. A common critique of “T.T.P.D.” is that it’s devoid of stylistic evolution, with too many references to Swift’s previous albums. Swifties understand that these Easter eggs add another dimension to a song or story they thought they knew. In the opening of “So Long, London,” a track on “T.T.P.D.,” staunch fans will recognize a pulsing sound akin to an effect used in “Call It What You Want,” from the album “Reputation.” Roughly halfway through the song, there’s also an “ah, ah” sound similar to part of the chorus of “Dress,” another “Reputation” track. On one hand, it’s reasonable for non-Swifties to assume that the artist, working with her longtime collaborators Jack Antonoff and Aaron Dessner, has unintentionally rehashed some of her old work. On the other, it’s kind of crazy to think that Swift is capable of doing anything without intentionality. Assuming the callbacks in “So Long, London” are deliberate, they rather beautifully bookend the beginning and ending of Swift’s six-year relationship with the actor Joe Alwyn. Most musicians—and artists more generally—can only dream of their fan base picking up on such subtleties. It’s ironic that, in Swift’s case, these subtleties have led to some of her fiercest criticism. Some of the cleverest callbacks on “T.T.P.D.” are not to Swift’s old music but to Healy’s. Fans have discovered that Swift’s “Guilty as Sin” works eerily well as a musical overlay to “About You,” a song by the 1975 that is widely thought to be about Swift. Skeptics will note that both songs were produced by Antonoff, and claim that “Guilty as Sin” raises the question of whether the Swift-Antonoff collaboration has finally grown stale. But, for Swifties, “Guilty as Sin” offers answers. It connects two crucial pieces of a puzzle, and makes fans feel as if they are tantalizingly close to solving the mysteries upon which Swift’s universe is built—the identity of her muses, the uncertainty as to whether “folklore” and its follow-up ""evermore"" are based on real events. Following this train of thought, Swift’s and Healy’s combined three-hundred-and-fifty-plus-song discography leaves at least twenty-two thousand one hundred and ninety-four possible combinations of track overlays for fans to manically work through, in order to answer the biggest question posed by “T.T.P.D.”: Was Matty Healy the main character all along? Oh, but what about the tempo of the chorus on the fifth track, or the bass progression on the—no, none of it matters anymore. Because for the fans who live and die by the meaning that is hidden between what is not said (and not sung) and the significance of what sounds the same rather than what sounds new, this latest album is by far the most important of Swift’s œuvre. “T.T.P.D.” is a grenade that Swift has thrown into her fan universe, and the most poetic thing about it is that it feels like a parallel to the grenade that Healy presumably threw into her life. This grenade has prompted fans to reëvaluate the entire past decade of Swift’s work, inspiring millions of people to comb through every lyric of every song in her previous albums. This is all while Swift is rerecording these old albums, and touring them. Therein lies the key to her success: achieving what a business strategist would call “synergies” among her music releases. It’s not just some critics who didn’t get the memo that Swift’s business model has changed; it’s also the private-equity analysts who have been buying and selling the original catalogues of her music. By now, you probably know the story: in 2019, Scooter Braun bought the record label that owned the master recordings of Swift’s first six albums. (At the time, Swift claimed that she had been denied the opportunity to buy them herself.) Unwilling to let Braun control her music, she announced that she would rerecord those albums. The controversy led Braun to resell Swift’s master catalogue to Shamrock Holdings, the investment arm of the Disney family. But while teams of lawyers and financial analysts created spreadsheets making the case for buying Swift’s masters, they must not have realized that the most valuable thing about Taylor Swift is not the royalty number attached to her future streaming count. Rather, it’s her devoted audience. One may buy Swift’s music, but it’s impossible to buy her fans. And so Swift has been able to popularize her rerecorded songs—the Taylor’s Versions—to such an extent that streaming the originals is a punishable offense in the Swiftverse. As she regains control over her old music, Swift is making new music and expanding the Swiftverse such that it now covers the universe of the 1975. Google searches for “Matty Healy” spiked on April 19th, the day of “T.T.P.D.” ’s release; the only time he was more Googled was May 7, 2023, the day that his relationship with Swift became public. Now, as Swifties listen to the 1975 and splice together Swift’s tracks with Healy’s, the whole thing might have the appearance of a mutually beneficial collaboration. But as Taylor giveth meaning, so, too, can she taketh meaning. Back in 2014, when Swift and Healy were first rumored to be together, Healy told Q Magazine that he found the idea “emasculating,” a comment that he was later forced to clarify. (“At that time I had fears of being ‘somebody’s boyfriend,’ ” he wrote, in an open letter, “before even being recognized for my music or presence as a person in my own right.”) Swift may have led her followers to Healy’s music, but she has also made sure that they will never listen to it again without understanding it through the narrative that she has created. Essentially, she has pulled off a reverse takeover of another artist’s catalogue. Even if the Swiftverse can’t be bought and sold by investors, that doesn’t mean that investors aren’t watching. Earlier this year, Ray Dalio, the founder and owner of Bridgewater, the world’s largest hedge fund, half-jokingly endorsed Swift for the United States Presidency after attending one of her Eras Tour performances in Singapore. “I also saw the power of this American cultural icon and the power of that sort of American culture in influencing how the balance of geopolitical power goes,” he posted on X. That level of global influence does not go hand in hand with reports of unfulfilled lyrical potential and uninspiring chord progressions published soon after Swift’s thirty-one-track, double-album release. Critics, of course, are within their rights to dislike “T.T.P.D.,” and they should be able to do so without fear of dying by a thousand Swiftie-inflicted cuts. But any critique of Swift’s work that doesn’t consider her role as one of the most prominent narrators of our time—and certainly anything that critiques her work as one-dimensional when she’s playing a kind of 4-D chess—will fail to speak to even the most casual of her fans. And without an understanding of the Swiftverse, very little of Swift’s music, or Taylor Swift herself, will ever make any sense. submitted by /u/South-Background5009 [link] [comments]",5c7d3d439291,/u/South-Background5009,https://www.reddit.com/r/TaylorSwift/comments/1q7kvig/why_normal_music_reviews_no_longer_make_sense_for/,2026-01-08T19:10:38+00:00,2026-01-08 19:10:38+00:00,https://www.reddit.com/r/TaylorSwift/search.rss?q=The+Tortured+Poets+Department&restrict_sr=1&sort=new&t=year
Reddit,TaylorSwift,All Too Well 10 Minute Version (THE TORTURED POETS DEPARTMENT MEGAMIX),This is All Too Well 10 minute version mashed up with all the songs from TTPD that I thought fitted better with it ❤️ submitted by /u/ExitPlastic1721 [link] [comments],a9e987511916,/u/ExitPlastic1721,https://www.reddit.com/r/TaylorSwift/comments/1q6nt82/all_too_well_10_minute_version_the_tortured_poets/,2026-01-07T18:45:02+00:00,2026-01-07 18:45:02+00:00,https://www.reddit.com/r/TaylorSwift/search.rss?q=The+Tortured+Poets+Department&restrict_sr=1&sort=new&t=year
Reddit,TaylorSwift,Who has cool ways to display CDs?,"I've switched from collecting vinyl to CDs for cost reasons. 😅 I've only got rep and Midnights so far, and there are SO many cool photos in the Midnights booklet especially, plus the fun designs on the discs themselves. How do you show yours off?? (I'll be honest I'm considering cutting up the booklet and framing the individual pages, but that feels... wrong lol.) submitted by /u/curious-trex [link] [comments]",ffeb1eb7d675,/u/curious-trex,https://www.reddit.com/r/TaylorSwift/comments/1syv64x/who_has_cool_ways_to_display_cds/,2026-04-29T10:45:25+00:00,2026-04-29 10:45:25+00:00,https://www.reddit.com/r/TaylorSwift/search.rss?q=Midnights&restrict_sr=1&sort=new&t=year
Reddit,TaylorSwift,Re-assessing Question…?,"When Midnights came out, the promo was all about going through her past and writing about the sleepless nights. At the time, everyone was trying to guess which songs were about which old lovers, and the general consensus was that Question…? is about Harry Styles. However… we now know that several of the songs on Midnights are likely about Matty (and Joe). I was listening the other day and had the thought that Question…? makes more sense for Matty than for Harry. Really curious what you guys think? I’ll elaborate below on some of the connections I found: “Good girl, sad boy” - fits the whole theme of TTPD really well “I don’t remember who I was before you…” - lots of this on TTPD especially Down Bad and other Matty songs “Half moon eyes” - This doesn’t really apply to Harry but Matty is always half lidded in photos, looking bored or careless “But you were on somethin’” - was Harry known to use substances during the time they dated? But we know who did… “Fuckin’ politics and gender roles” - I know Harry has played around with gender expression but I find this line applies to Matty, especially with Chloe et al. “Got swept away in the gray” -self explanatory “Everything’s second best after that meteor strike” - see Down Bad I’m not really sure what the chorus means, but Matty seems like the type to feel a type of way about a big audience around him while he kisses Taylor Swift, where as we know Harry loves an audience and parts a crowd like the Red Sea. I just have fun breaking down lyrics, let me know what you all think! submitted by /u/beautyisabeast13 [link] [comments]",e2b2cb59bc36,/u/beautyisabeast13,https://www.reddit.com/r/TaylorSwift/comments/1ssxro4/reassessing_question/,2026-04-22T20:46:39+00:00,2026-04-22 20:46:39+00:00,https://www.reddit.com/r/TaylorSwift/search.rss?q=Midnights&restrict_sr=1&sort=new&t=year
Reddit,TaylorSwift,Rank Albums by Vault Tracks,"Which album has the best vault tracks? Fearless You All Over Me (feat. Maren Morris) Mr. Perfectly Fine We Were Happy That's When (feat. Keith Urban) Don't You Bye Bye Baby Speak Now Electric Touch (feat. Fall Out Boy) When Emma Falls in Love I Can See You Castles Crumbling (feat. Hayley Williams) Foolish One Timeless Red Ronan Better Man (Originally recorded by Little Big Town) Nothing New (feat. Phoebe Bridgers) Babe (Originally recorded by Sugarland) Message in a Bottle I Bet You Think About Me (feat. Chris Stapleton) Forever Winter Run (feat. Ed Sheeran) The Very First Night All Too Well (10 Minute Version) 1989 Slut!"" Say Don't Go Now That We Don't Talk Suburban Legends Is It Over Now? EDIT: Honorable mention: Midnights with You’re Losing Me - thanks /u/neonwaltz8 submitted by /u/rogerrabbit224 [link] [comments]",67c88905074f,/u/rogerrabbit224,https://www.reddit.com/r/TaylorSwift/comments/1sq63kz/rank_albums_by_vault_tracks/,2026-04-19T21:44:19+00:00,2026-04-19 21:44:19+00:00,https://www.reddit.com/r/TaylorSwift/search.rss?q=Midnights&restrict_sr=1&sort=new&t=year
Reddit,TaylorSwift,New wallet came in and got my favorite song engraved on it!,"For reference, I'm 30M and straight lol Wi$h Li$t is my absolute favorite song at the moment. I feel like I can personally relate a lot to this specific song. Lover is my absolute favorite album. Been a swiftie since Midnights released! submitted by /u/HistorianOfTau [link] [comments]",21d86fcc4299,/u/HistorianOfTau,https://www.reddit.com/r/TaylorSwift/comments/1spdcpm/new_wallet_came_in_and_got_my_favorite_song/,2026-04-18T23:53:55+00:00,2026-04-18 23:53:55+00:00,https://www.reddit.com/r/TaylorSwift/search.rss?q=Midnights&restrict_sr=1&sort=new&t=year
Reddit,TaylorSwift,Do you have an only one skip album?,"In other words, is there an album you love all but one song? Because I do. Prepared for the pitchforks but if Midnights didn't have Snow on the Beach it would be the perfect album. submitted by /u/TheYoungWan [link] [comments]",3fdfc661fc23,/u/TheYoungWan,https://www.reddit.com/r/TaylorSwift/comments/1sm9hld/do_you_have_an_only_one_skip_album/,2026-04-15T15:32:35+00:00,2026-04-15 15:32:35+00:00,https://www.reddit.com/r/TaylorSwift/search.rss?q=Midnights&restrict_sr=1&sort=new&t=year
Reddit,TaylorSwift,Taylor’s most successful album,"What do you think Taylor’s biggest/most successful album is? I’ve seen some people on X saying they think it’s The Life Of A Showgirl, and while I think it’s true that this album had two big hits, I absolutely don’t agree with this statement. It’s too early to tell, people were saying the same thing about Midnights and now it’s the pop album that gets least daily streams and won’t even manage to sell more copies than Lover. I personally believe it’s between Lover, Red, Fearless and 1989. submitted by /u/Training_Sympathy276 [link] [comments]",37d3301804fc,/u/Training_Sympathy276,https://www.reddit.com/r/TaylorSwift/comments/1sm5l87/taylors_most_successful_album/,2026-04-15T13:06:47+00:00,2026-04-15 13:06:47+00:00,https://www.reddit.com/r/TaylorSwift/search.rss?q=Midnights&restrict_sr=1&sort=new&t=year
Reddit,TaylorSwift,The two sides of Midnights: Triumphs vs Losses,"Day 10 of 12 of my ""Two Sides"" series, where I post my artistic interpretation of how all songs of an era could thematically be evenly divided into two different sides. (Happy to explain any choices I made!) submitted by /u/TheColorfulPianist [link] [comments]",08b373e10c37,/u/TheColorfulPianist,https://www.reddit.com/r/TaylorSwift/comments/1siwhho/the_two_sides_of_midnights_triumphs_vs_losses/,2026-04-11T22:09:52+00:00,2026-04-11 22:09:52+00:00,https://www.reddit.com/r/TaylorSwift/search.rss?q=Midnights&restrict_sr=1&sort=new&t=year
Reddit,TaylorSwift,What do you think Taylor’s own ranking of her own albums are?,"sense she obviously favors some albums (folklore, midnights, red) more then others (speak now, debut, evermore ) submitted by /u/Imaginary-Bathroom81 [link] [comments]",d6feaca0853a,/u/Imaginary-Bathroom81,https://www.reddit.com/r/TaylorSwift/comments/1sitp63/what_do_you_think_taylors_own_ranking_of_her_own/,2026-04-11T20:16:32+00:00,2026-04-11 20:16:32+00:00,https://www.reddit.com/r/TaylorSwift/search.rss?q=Midnights&restrict_sr=1&sort=new&t=year
Reddit,TaylorSwift,Making my new niece an eras themed wardrobe 🪩🎸🎶👗,I’m on the hunt for an outfit for: Red Life of a showgirl (if the orange one isn’t the vibe) TTPD Or I swap the reputation outfit for TTPD and find a better rep fit… I’m still thinking the very last orange one might be bigger for midnights so maybe she will get 2 for that era.. I feel I could find a better themed outfit for reputation as well. submitted by /u/CourtneyJKendrickArt [link] [comments],ea01eb7cd7e1,/u/CourtneyJKendrickArt,https://www.reddit.com/r/TaylorSwift/comments/1shsdvh/making_my_new_niece_an_eras_themed_wardrobe/,2026-04-10T16:59:23+00:00,2026-04-10 16:59:23+00:00,https://www.reddit.com/r/TaylorSwift/search.rss?q=Midnights&restrict_sr=1&sort=new&t=year
Reddit,TaylorSwift,Taylors Top 100 Songs Of All Time,1989-14 Folklore-11 Speak Now-10 Reputation-10 Lover-10 Midnights-9 Fearless-8 Red-7 TLOAS-7 Debut-5 TTPD-4 Orphan-3 Evermore-2 submitted by /u/klcna [link] [comments],8e0ed0d6608e,/u/klcna,https://www.reddit.com/r/TaylorSwift/comments/1sgid07/taylors_top_100_songs_of_all_time/,2026-04-09T07:02:31+00:00,2026-04-09 07:02:31+00:00,https://www.reddit.com/r/TaylorSwift/search.rss?q=Midnights&restrict_sr=1&sort=new&t=year
Reddit,TaylorSwift,Eras Colour Schemes,"So I know that each era/album has it's own designated colour, but if you were to make a whole colour scheme for each album, what would be the secondary and tertiary colours? This is what I've got figured out so far as an example: Debut - 1) Green 2) Blue 3) White Fearless - 1) Yellow 2) White 3) ? Speak Now - 1) Purple 2) ? 3) ? Red - 1) Red 2) Brown 3) Maroon 1989 - 1) Blue 2) White 3) ? Reputation - 1) Black 2) ? 3) ? Lover - 1) Pink 2) Blue 3) ? Folklore - 1) Grey 2) White 3) ? Evermore - 1) Brown 2) Black 3) ? Midnights - 1) Navy Blue 2) Purple 3) Black TTPD - 1) White 2) Black 3) ? TLOAS - 1) Orange 2) Teal Green 3) Gold All thoughts, suggestions and opinions are appreciated. submitted by /u/White_Wolf1290 [link] [comments]",bdef29c1b986,/u/White_Wolf1290,https://www.reddit.com/r/TaylorSwift/comments/1seooa5/eras_colour_schemes/,2026-04-07T07:01:01+00:00,2026-04-07 07:01:01+00:00,https://www.reddit.com/r/TaylorSwift/search.rss?q=Midnights&restrict_sr=1&sort=new&t=year
Reddit,TaylorSwift,Favourite album of swifties?,"I mean, I know with the general public it’s most likely 1989 or Midnights or one like that, but within the fandom which are the ones we like best? Just as a consensus? submitted by /u/Consistent-Duck-5211 [link] [comments]",51e2a01500ca,/u/Consistent-Duck-5211,https://www.reddit.com/r/TaylorSwift/comments/1senxub/favourite_album_of_swifties/,2026-04-07T06:18:28+00:00,2026-04-07 06:18:28+00:00,https://www.reddit.com/r/TaylorSwift/search.rss?q=Midnights&restrict_sr=1&sort=new&t=year
Reddit,TaylorSwift,Hits Different in the context of TTPD,"Welcome to episode 1152 of Revelations Through TTPD! Seriously though, TTPD has continued to help me contextualise folklore, evermore and Midnights. When it comes to Hits Different in particular, I think most people would catch on right away that it, being the last song on Midnights, leads directly into Fortnight's opening lines. However, I dug a little deeper and the whole song has sprinkles of what would become the story of TTPD, with most of the lines reference or continue the ideas from other songs. And so I enter into evidence my findings... Make of them what you will lol. Warning: this is a very long post because of the lyrics dumps. ----- I washed my hands of us at the club You made a mess of me ""I bent the truth too far tonight I was dancing around, dancing around it"" - High Infidelity I pictured you with other girls in love Then threw up on the street ""I have this dream you're doing cool shit Having adventures on your own You meet some woman on the internet and take her home"" - the one ""Your hologram stumbled into my apartment Hands in the hair of somebody in darkness"" - Chloe or Sam or Sophia or Marcus Like waiting for a bus that never shows You just start walking on ""I thought I saw you at the bus stop I didn't though"" - the one ""And I won't confess that I waited"" - Peter They say that if it's right, you know Each bar plays our song Nothing has ever felt so wrong ""When someone plays 'The Starting Line' [...] That was intertwined in the magic fabric of our dreaming"" - The Black Dog Oh, my, love is a lie Shit my friends say to get me by It hits different It hits different this time Catastrophic blues ""Drowning in the Blue Nile"" - Guilty As Sin Moving on was always easy for me to do It hits different It hits different 'cause it's you I used to switch out these Kens, I'd just ghost ""I felt more when we played pretend Than with all the Kens"" - My Boy Only Breaks His Favorite Toys Rip the band-aid off and skip town likе an asshole outlaw ""I need to forget so take me to Florida"" - Florida!!! ""You're a bandit like me"" - cowboy like me Freedom felt like summеr then on the coast Now the sun burns my heart and the sand hurts my feelings And I never don't cry (And I never don't cry) at the bar Yeah, my sadness is contagious (My sadness is contagious) ""Everything I touch becomes sick with sadness"" - Bigger Than The Whole Sky I slur your name 'til someone puts me in a car ""They'll say I'm nuts if I talk about The existence of you"" - Down Bad I stopped receiving invitations ""Where I pace in my pen and my friends found friends who care"" - Dear Reader I find the artifacts, cried over a hat ""I keep finding his things in drawers Crucial evidence I didn't imagine the whole thing"" - I Can Do It With a Broken Heart Cursed the space that I needed ""[...] I couldn't watch it happen [...] All to outrun my desertion of you"" - Chloe or Sam or Sophia or Marcus I trace the evidence, make it make some sense Why the wound is still bleeding ""You drew stars around my scars But now I'm bleeding"" - cardigan ""And it's hard to be at a party when I feel like an open wound It's hard to be anywhere these days when all I want is you"" - this is me trying You were the one that I loved Don't need another metaphor, it's simple enough ""I love you it's ruining my life"" - Fortnight A wrinkle in time like the crease by your eyes ""If the glint in my eye traced the depths of your sigh Down that passage in time"" - Chloe or Sam or Sophia or Marcus This is why they shouldn't kill off the main guy ""But it would've been fun If you would've been the one"" - the one ""You're a flashback in a film reel on the one screen in my town"" - this is me trying Dreams of your hair and your stare and sense of belief ""[...] With your hair falling into place like dominoes"" - gold rush In the good in the world, you once believed in me And I felt you and I held you for a while ""I touched you for only a fortnight But I touched you"" - Fortnight Bet I could still melt your world Argumentative, antithetical dream girl ""At dinner parties, I call you out on your contrarian shit"" - gold rush I heard your key turn in the door down the hallway Is that your key in the door? Is it okay? Is it you? Or have they come to take me away? To take me away ""I was supposed to be sent away But they forgot to come and get me"" - Fortnight submitted by /u/GreenRime [link] [comments]",f5cae47ff3f9,/u/GreenRime,https://www.reddit.com/r/TaylorSwift/comments/1sdfmvb/hits_different_in_the_context_of_ttpd/,2026-04-05T21:27:47+00:00,2026-04-05 21:27:47+00:00,https://www.reddit.com/r/TaylorSwift/search.rss?q=Midnights&restrict_sr=1&sort=new&t=year
Reddit,TaylorSwift,Midnights Live Wallpapers for your phone ❤️,submitted by /u/mariam717 [link] [comments],e5fbb57030fc,/u/mariam717,https://www.reddit.com/r/TaylorSwift/comments/1scbvir/midnights_live_wallpapers_for_your_phone/,2026-04-04T15:17:33+00:00,2026-04-04 15:17:33+00:00,https://www.reddit.com/r/TaylorSwift/search.rss?q=Midnights&restrict_sr=1&sort=new&t=year
Reddit,TaylorSwift,TTPD x Showgirl,"so I fully believe the theory that Showgirl was originally planned then TTPD happened - if this is hypothetically true, do you think any of the songs on Showgirl were written pre-TTPD or do you think the Showgirl aesthetic was chosen without songs written for it. I feel like maybe CANCELLED!!could have been written before TTPD because it gives me Rep/Midnights vibes. Thoughts? EDIT: this was meant to be a fun hypothetical of in another world what songs could have been written prior! submitted by /u/Plus_Appointment_875 [link] [comments]",29f0db275a86,/u/Plus_Appointment_875,https://www.reddit.com/r/TaylorSwift/comments/1s96qlr/ttpd_x_showgirl/,2026-04-01T01:37:24+00:00,2026-04-01 01:37:24+00:00,https://www.reddit.com/r/TaylorSwift/search.rss?q=Midnights&restrict_sr=1&sort=new&t=year
Reddit,TaylorSwift,Taylor Swift albums based on your zodiac sign ❤️✨✨,"Hi guys! This is for fun only! This is based on my knowledge and plus, I’m a Scorpio so I know which album is ours! Let me know what you think. ♈ Aries – Speak Now Relevance: Bold! Take charge and don’t hold back. Aries like new beginnings, they like to stand up for things (even if it means stopping a wedding) because for them nothing is more important than truth and inner power. ♉ Taurus – Evermore Relevance: It is grounded, nature-filled, with slow emotional depth. Taurus are sometimes underestimated and instead of fighting this notion, they use it to create a base for them to succeed intentionally, without rushing. ♊ Gemini – 1989 Relevance: Double energies, what you perceive of me and also who I am, I will be embracing both sides!! Skyrocketed success ♋ Cancer – Fearless Relevance: young at heart, Innocence, the love of fairytale endings ❤️, sincerity in the delivery of her story. Cancers also aim to become fearless and assertive in their lives, since they are so sensitive (I am a Cancer rising) being Fearless is all they need to achieve everything. ♌ Leo – Red Relevance: Passionate, loud emotionally and the beginning of the red lip persona/era! This was when she became a prominent music icon for the general masses ♍ Virgo – Folklore Relevance: The detailed storyteller with a gorgeous aesthetic. Virgos will keep you at an arms length initially a bit hard to figure out until you realize it was all in the details ❤️ ♎ Libra – Midnights Relevance: Libras are emotionally intelligent yet can sometimes have this air of indecisiveness over things which matter (so their mind wanders / midnights, what IFs) When Libras realize their shadow self, they embrace it (Antihero) and like to be in love, but will not stay too long in a relationship that doesn’t allow them to Bejeweled. ♏ Scorpio – Reputation Relevance: the redemption arc, Scorpio is known for transformations. Count on a Scorpio to always come up and rise like a Phoenix. If you have a high Scorpio chart I promise you, life won’t be easy but it’ll be rewarding and you’ll feel like you came here to evolve as a soul! ♐ Sagittarius – LOAS Relevance: this is our Sag queen in her happiest era, she’s out there, in love and basically doing a victory lap! An evolved Sag sun does not give a hoot about what people think, only their inner circle and they are fiercely protective towards them! ♑ Capricorn – TTPD Relevance: I’ve known enough Capricorns (men and women) when truly heart broken, are quite serious about their emotions and can show bitterness towards the ones who hurt them (since it doesn’t happen as often or easily) this is why Scorps and Caps can make great partners in crime 🧘 ♒ Aquarius – Debut Relevance: Known for sometimes being unique, outsiders and new with their energies, this was perfect! You actually can’t spot an Aquarius that easily because they can feel “distant” until you get to know them.. Debut! ♓ Pisces – Lover Relevance: They are imaginative, and romanticize all aspects of life when in their element. Pisces are extremely dreamy and sometimes can wear rose colored glasses when high in love or their emotions, they also love to express themselves through color. submitted by /u/AthleteBusiness3281 [link] [comments]",bdaece8ce790,/u/AthleteBusiness3281,https://www.reddit.com/r/TaylorSwift/comments/1s85dy4/taylor_swift_albums_based_on_your_zodiac_sign/,2026-03-30T22:24:32+00:00,2026-03-30 22:24:32+00:00,https://www.reddit.com/r/TaylorSwift/search.rss?q=Midnights&restrict_sr=1&sort=new&t=year
Reddit,TaylorSwift,"TTPD is her best work yet (and yes, I’m talking about the standard edition)","No other album feels like a concept album with a cohesive narrative the most like TTPD. Not even albums officially marketed or discussed as concept albums (like reputation and Midnights). If folkmore stretched her storytelling capabilities, TTPD is where she really used these storytelling to express and even mythologize her own experiences. This album really feels both lyrically and sonically like a woman descending into a manic madness because of a fleeting situationship magnified by the spotlight. Everything points to that (with some minor exceptions). Who’s Afraid of Little Old Me, But Daddy I Love Him, The Smallest Man, Fresh Out the Slammer, I Can Fix Him and even Fortnight are SUCH good songs reinforcing the theme. Even at a micro-level, lyric-wise, it’s so good. But Daddy vividly captures a whole novel-worthy narrative across its verses. Very full and layered. It reminds me so much of past Victorian-adjacent, Gothic era where women are pathologized for even small displays of intense emotion, very mad woman vibes. Irrationality is weaponized and they are silenced. Think The Wallpaper or Story of an Hour. Just a shame that people engage with it as gossip feed and just analyze the artist, not the art which ironically proves her point lol submitted by /u/dannramm [link] [comments]",15bf2fccd9f3,/u/dannramm,https://www.reddit.com/r/TaylorSwift/comments/1s7ihqt/ttpd_is_her_best_work_yet_and_yes_im_talking/,2026-03-30T06:06:16+00:00,2026-03-30 06:06:16+00:00,https://www.reddit.com/r/TaylorSwift/search.rss?q=Midnights&restrict_sr=1&sort=new&t=year
Reddit,TaylorSwift,Custom covers I made for my Taylor Swift playlists,"I made these covers from some of my favorite Taylor photos for my playlists! I'll link them here if anyone is interested :P ""reputation (cry my eyes violet edition)"" - some angry and upbeat songs from Taylor ""woodvale"" - my favorite sad/slow songs from Taylor ""folklore (1989 edition)"" - interleaved songs from 1989 and folklore ""evermore (the warmest bed edition)"" - a reimagining of evermore with some more Taylor songs + other artists' songs submitted by /u/doctorZul [link] [comments]",9b7c4821e951,/u/doctorZul,https://www.reddit.com/r/TaylorSwift/comments/1srvhnm/custom_covers_i_made_for_my_taylor_swift_playlists/,2026-04-21T17:59:34+00:00,2026-04-21 17:59:34+00:00,https://www.reddit.com/r/TaylorSwift/search.rss?q=Reputation&restrict_sr=1&sort=new&t=year
Reddit,TaylorSwift,Rank all of Taylor's songs!,"Link: https://tiermaker.com/create/all-taylor-swift-studio-songs-updated-04-2026-19325193 I've been working really hard on these tier lists for Taylor's discography ever since TLOAS came out. These are the lists I've completed so far: • Rank all studio, deluxe, and vault tracks. • Rank all studio and deluxe tracks (no vault) • Rank all studio tracks (no deluxe or vault) • Rank the vault tracks only • Rank the singles • Rank all track 5s! • Rank songs from Debut Deluxe • Rank songs from Fearless Deluxe EDIT: • Rank the albums ofc! I'm still working on everything from Speak Now to Life of a Showgirl . I'll add below as I upload new ones. Here are the other links for the tier lists mentioned above! Studio & Deluxe Tracks Only: https://tiermaker.com/create/taylor-swift-studio-and-deluxe-tracks-04-2026-19325193 Studio Tracks Only: https://tiermaker.com/create/taylor-swift-studio-tracks-04-2026-19325193 Vault Tracks Only: https://tiermaker.com/create/taylor-swift-vault-tracks-only---19325193 Singles: https://tiermaker.com/create/taylor-swift-singles-updated-04-2026-19325193 Track 5s: https://tiermaker.com/create/taylor-swift-track-5s-04-2026-19325193 Debut Album: https://tiermaker.com/create/taylor-swift-taylor-swift-ranked-19325193 Fearless: https://tiermaker.com/create/taylor-swift-fearless-ranked-19325193 NEW ADDITIONS! :) SPEAK NOW (New!): https://tiermaker.com/create/taylor-swift-speak-now-ranked-19325193 RED (New!): https://tiermaker.com/create/taylor-swift-red-ranked-19325193 1989 (New!): https://tiermaker.com/create/taylor-swift-1989-ranked-19325193 Reputation (New!): https://tiermaker.com/create/taylor-swift-reputation-ranked-19325193 Lover (New!): https://tiermaker.com/create/taylor-swift-lover-ranked-19325193 submitted by /u/Visionz97 [link] [comments]",0fccfdb5aa23,/u/Visionz97,https://www.reddit.com/r/TaylorSwift/comments/1shdrij/rank_all_of_taylors_songs/,2026-04-10T05:41:48+00:00,2026-04-10 05:41:48+00:00,https://www.reddit.com/r/TaylorSwift/search.rss?q=Reputation&restrict_sr=1&sort=new&t=year
Reddit,TaylorSwift,How Taylor Swift's 'Reputation' Tour Helped Shape Anne Hathaway's Performance in 'Mother Mary',submitted by /u/Ornery-Stage2316 [link] [comments],e51d24097747,/u/Ornery-Stage2316,https://www.reddit.com/r/TaylorSwift/comments/1sh2eqa/how_taylor_swifts_reputation_tour_helped_shape/,2026-04-09T21:08:45+00:00,2026-04-09 21:08:45+00:00,https://www.reddit.com/r/TaylorSwift/search.rss?q=Reputation&restrict_sr=1&sort=new&t=year
Reddit,TaylorSwift,Do you think Taylor will repress her first six albums on vinyl?,"I'm writing from Spain, where Taylor's first six vinyl albums are selling out in stores. Debut and Reputation are nowhere to be seen, both in local and online stores and Red and 1989 are starting to disappear. Now that she has reacquired the rights to her first six albums, do you think she will only repress the Taylor's Version of these albums (I think she will release Taylor's Version debut and something related to Taylor's Version Reputation in october 2026) and the original six will be discontinued? Is there any official news about this? Thank you very much. submitted by /u/IndigoRoom [link] [comments]",1f7f46c2c369,/u/IndigoRoom,https://www.reddit.com/r/TaylorSwift/comments/1sfspbj/do_you_think_taylor_will_repress_her_first_six/,2026-04-08T13:21:53+00:00,2026-04-08 13:21:53+00:00,https://www.reddit.com/r/TaylorSwift/search.rss?q=Reputation&restrict_sr=1&sort=new&t=year
Reddit,TaylorSwift,The two sides of reputation: burned and electrified,"Day 6 of 12 of my ""Two Sides"" series, where I post my artistic interpretation of how all songs of an era could thematically be evenly divided into two different sides. (Happy to explain any choices made!) submitted by /u/TheColorfulPianist [link] [comments]",08b373e10c37,/u/TheColorfulPianist,https://www.reddit.com/r/TaylorSwift/comments/1sf8jy4/the_two_sides_of_reputation_burned_and_electrified/,2026-04-07T21:00:01+00:00,2026-04-07 21:00:01+00:00,https://www.reddit.com/r/TaylorSwift/search.rss?q=Reputation&restrict_sr=1&sort=new&t=year
Reddit,TaylorSwift,The Death Of A showgirl,"hello!! i know this is a bit of a controversial topic but I love just the idea of The Death Of A Showgirl. First of all, i think an early 2027 release would be perfect. fitting in with the dark months so like febuary-march. While I really like the life of a showgirl, i think this could recontexualize the original album. this album showing the EVEN darker parts of fame, power and more. Kinda mixing ttpd and showgirl. This album would have 12 tracks and act like a mirror to the original. Kind of like listening to an album then listening to it backwards with a darker mood. So maybe it would start with title track. It would still have Max Martin pop vibe but a darker reputation feel. Above I put an image I found online, if you search my title the original will be found. All around, this could really be nice and I would love it. But I doubt it would really happen. Thanks!!! submitted by /u/Far_Expression_7935 [link] [comments]",58eaf61488f6,/u/Far_Expression_7935,https://www.reddit.com/r/TaylorSwift/comments/1s1xhd0/the_death_of_a_showgirl/,2026-03-23T23:34:23+00:00,2026-03-23 23:34:23+00:00,https://www.reddit.com/r/TaylorSwift/search.rss?q=Reputation&restrict_sr=1&sort=new&t=year
Reddit,TaylorSwift,Update: Taylor deepdive expanded,"Couple weeks ago I shared the Taylor Swift deepdive I've been building and got amazing feedback from you guys. Several of you pointed out details I should add or fix, which really helped. Wanted to let you know I've expanded it from 1 to 6 full seasons, now covering everything up to 2016. The Nashville move, the Sony/ATV deal at 14, and walking away from RCA to bet everything on Big Machine Records Fearless blowing up, the Kanye VMAs moment, and Speak Now being written entirely by herself The jump to pop with 1989, the breakup albums, and the feuds that shaped the reputation era Link in the comments for anyone who wants to pick up where they left off or start from the beginning. Working on the last seasons now. submitted by /u/Money_Mine5648 [link] [comments]",c1fd21536da7,/u/Money_Mine5648,https://www.reddit.com/r/TaylorSwift/comments/1rz0gie/update_taylor_deepdive_expanded/,2026-03-20T16:08:39+00:00,2026-03-20 16:08:39+00:00,https://www.reddit.com/r/TaylorSwift/search.rss?q=Reputation&restrict_sr=1&sort=new&t=year
Reddit,TaylorSwift,I wish Taylor packaged her newer albums like reputation and Lover,"If only she treat her albums like those two, no deluxe edition, no 40 variants, and no songs that are scattered across editions. Just one package, a complete album that made the album cover and the content iconic. Yes, i remember people was saying Lover is bloated with its 18 tracks. But i prefer that as it’s the whole package of the album, compared to what she did to Midnight. submitted by /u/Lev22_ [link] [comments]",18679d8422fe,/u/Lev22_,https://www.reddit.com/r/TaylorSwift/comments/1rw2l9u/i_wish_taylor_packaged_her_newer_albums_like/,2026-03-17T10:18:37+00:00,2026-03-17 10:18:37+00:00,https://www.reddit.com/r/TaylorSwift/search.rss?q=Reputation&restrict_sr=1&sort=new&t=year
Reddit,TaylorSwift,I Made A Book Challenge Inspired by Midnights for Bookish Swifties (Swipe for more Taylor album book challenges),"Hello! I’m making a series of book challenges inspired by Taylor Swift albums. This one is midnights. Each book prompt is inspired by a song’s lyrics or overall vibe. It’s NOT a 1:1 literal interpretation. Any genre is OK. No deadlines: Read at your own pace. If you want to give it a try, save the pic or track with Storygraph: https://app.thestorygraph.com/reading_challenges/5917857f-b1d3-4686-908a-343999047ffd?redirect=true Other Taylor album book challenges I made are on the subsequent slides. I started this project last year for fun, but got discouraged and quit when my Reputation challenge got backlash because some people didn’t like the prompts I picked for certain songs. But honestly, I just had fun making these and reading them myself, so I felt like finishing the project out regardless of what people think. ✌️ Sharing here in case anyone else wants to follow along. submitted by /u/Sketch-Brooke [link] [comments]",8f7878fdf59e,/u/Sketch-Brooke,https://www.reddit.com/r/TaylorSwift/comments/1rtl0h3/i_made_a_book_challenge_inspired_by_midnights_for/,2026-03-14T14:35:41+00:00,2026-03-14 14:35:41+00:00,https://www.reddit.com/r/TaylorSwift/search.rss?q=Reputation&restrict_sr=1&sort=new&t=year
Reddit,TaylorSwift,"Non-American Swifties: if Taylor were to tour again, how likely is it she’d visit your country?","I’m from New Zealand, and while Taylor has performed here in 2018 on the Reputation tour, it’s highly unlikely she’ll perform here again. I understand why she skipped having the eras tour here, New Zealand is a small country, and even our largest city, Auckland, lacks the space to hold a concert as big as the eras tour was. Many Swifties from NZ ended up having to fly to Australia just to attend the eras tour (I would’ve gone, if I had the financial means). However, I’m still delusional enough to believe Taylor Swift will come back to NZ one day, even if it’s when she’s 100 years old. So, non-American Swifties, how likely is it that Taylor would visit your country if she were to tour again? submitted by /u/PurpleMeerkats462 [link] [comments]",891057d09fc9,/u/PurpleMeerkats462,https://www.reddit.com/r/TaylorSwift/comments/1rtdco3/nonamerican_swifties_if_taylor_were_to_tour_again/,2026-03-14T07:43:40+00:00,2026-03-14 07:43:40+00:00,https://www.reddit.com/r/TaylorSwift/search.rss?q=Reputation&restrict_sr=1&sort=new&t=year
Reddit,TaylorSwift,I still think about you💖…Ready For It? bodysuit🔥,yal remeber when the internet complained about Taylor Swift’s nude bodysuit in her music video and she responded with this🤭 I loved it back then when Taylor was in her mean vengeful persona from her reputation era 😭 submitted by /u/ImperatrixAmoris [link] [comments],4ab2c395f1d9,/u/ImperatrixAmoris,https://www.reddit.com/r/TaylorSwift/comments/1rmxstf/i_still_think_about_youready_for_it_bodysuit/,2026-03-07T02:26:44+00:00,2026-03-07 02:26:44+00:00,https://www.reddit.com/r/TaylorSwift/search.rss?q=Reputation&restrict_sr=1&sort=new&t=year
Reddit,TaylorSwift,"Grammy Discussion #03: Which nominations and wins do you think ""Speak Now"" should have had at the Grammys?","You can choose songs or albums different from those she actually submitted in those years. Let's go with her third album, ""Speak Now."" At the Grammy Awards, she was nominated in 3 categories, winning 2. Do you think she deserved more nominations and wins that year? submitted by /u/BrenoGrangerPotter [link] [comments]",7163cb89b58b,/u/BrenoGrangerPotter,https://www.reddit.com/r/TaylorSwift/comments/1rpevlr/grammy_discussion_03_which_nominations_and_wins/,2026-03-09T22:24:25+00:00,2026-03-09 22:24:25+00:00,https://www.reddit.com/r/TaylorSwift/search.rss?q=Grammy&restrict_sr=1&sort=new&t=year
Reddit,TaylorSwift,What are your hot takes about Taylor and the Grammys?,"I thought this would be an interesting entry in the hot takes series that I'm doing, since the Grammys are tonight submitted by /u/IntoTheDaylight [link] [comments]",88701e1d18ce,/u/IntoTheDaylight,https://www.reddit.com/r/TaylorSwift/comments/1qtixf3/what_are_your_hot_takes_about_taylor_and_the/,2026-02-02T02:43:34+00:00,2026-02-02 02:43:34+00:00,https://www.reddit.com/r/TaylorSwift/search.rss?q=Grammy&restrict_sr=1&sort=new&t=year
Reddit,TaylorSwift,"If you could nominate one song from TLOAS for Song of the Year at the Grammy's, which would you pick?",The songwriting award basically! For me... FATHER FIGURE! submitted by /u/becklefreckle [link] [comments],c0d11e5b1a60,/u/becklefreckle,https://www.reddit.com/r/TaylorSwift/comments/1qsyy29/if_you_could_nominate_one_song_from_tloas_for/,2026-02-01T13:49:43+00:00,2026-02-01 13:49:43+00:00,https://www.reddit.com/r/TaylorSwift/search.rss?q=Grammy&restrict_sr=1&sort=new&t=year
Reddit,TaylorSwift,Taylor Swift Honors Dad Scott with $1 Million Donation to American Heart Association After Bypass Surgery (Exclusive),"PEOPLE can exclusively confirm that the pop megastar made a $1 million donation to the American Heart Association in honor of her 73-year-old father who underwent a quintuple bypass surgery earlier this year. With her personal contribution, Taylor, 36, will help to advance ongoing scientific research, stronger prevention and treatment efforts, and expanded access to life‑saving care for every community,"" per a press release. “Taylor Swift’s remarkable generosity will create lasting change far beyond its financial value,” said chief executive officer of the American Heart Association Nancy Brown in a statement. “Her family’s experience with cardiovascular disease is all too common, affecting nearly half of American adults."" She continued, ""Her commitment to supporting her father will make so many others aware of the need to take their own heart health seriously, strengthen prevention efforts, and improve controllable risk factors—ultimately helping more people live longer, healthier lives."" Brown further noted that Taylor has been ""long been associated with the symbol of heart hands."" ""At the American Heart Association, we proudly use that same gesture to honor all who have been affected—our mothers, fathers, sisters, brothers, spouses and so many others,"" she added in a statement. ""My hope is that together we can raise our collective heart hands and drive meaningful change against this disease, shaping a healthier future for generations to come."" In July, PEOPLE confirmed that Scott had quintuple bypass surgery just over one month prior and was recovering. TMZ was first to report the news at the time. Taylor, her brother Austin and their mom Andrea — who has been married to Scott for 37 years — were with Scott during the entire surgery and recovery process. Scott had the procedure after he went in for a check-up and his doctor noticed something that led to the operation. However, it was not the result of a heart attack. Per the Mayo Clinic, ""Coronary artery bypass surgery creates a new path for blood to go around a blocked or partially blocked artery in the heart."" During the 14-time Grammy winner's first appearance on her boyfriend Travis Kelce's New Heights podcast in August, she addressed the ""really intense"" surgery her dad had and noted that ""it all happened really quick."" While Taylor said Scott had a ""perfect EKG"" every time he went to the doctor for annual physicals, a cardiac stress test revealed five blockages in his heart. While her dad insisted both Taylor and Austin, 33, were ""busy"" and did not need to come down for the surgery, the ""Wood"" singer immediately met up with family at the hospital, and eventually moved in with him for the summer as he recovered. Taylor recalled her dad doing a ""comedy act"" when he woke up from surgery. ""He was the funniest he's ever been, and he's usually really funny,"" she said. When Taylor told her father he ended up having five blockages removed, Scott replied, ""Well, you see, I come from a very competitive family."" For Taylor, it felt like ""very parent-child reversal in a lot of ways."" ""My brother and my mom and I were each taking shifts in the ICU and staying with him 24/7,"" she added. Taylor further called the experience ""surreal."" submitted by /u/icyfirework [link] [comments]",a61931f214d0,/u/icyfirework,https://www.reddit.com/r/TaylorSwift/comments/1pu43bo/taylor_swift_honors_dad_scott_with_1_million/,2025-12-23T20:23:09+00:00,2025-12-23 20:23:09+00:00,https://www.reddit.com/r/TaylorSwift/search.rss?q=Grammy&restrict_sr=1&sort=new&t=year
Reddit,TaylorSwift,Getting into Taylor Swift - 1989 (5/12),"This was an exceptional album and will be going in my collection, partly for having the highest number of songs, per capita, that will be going on my playlist, and then for all the other songs that I like enough to go back to, when I relisten to the whole CD. I was always excited for this one, but somebody told me 1989 was defined by her missing out on a Grammy, and trying to prove herself with an award winning record. That concerned me because often-times, art made with the sole purpose of winning awards loses something essential, but that wasn't the case here. I am still hoping folklore and evermore will wow me, but this will be that one album that will stand out from this artist’s catalogue. This was the moment when she became Taylor Swift in all her glory, both inhabiting and subverting the tropes she has always been associated with. I was so tired listening to this record, and I think that made it hit harder. I was sat in a dark room with no distractions, and no thoughts running through my mind. It was just me and the music. Welcome to New York set the tone and whilst it won't be going on the playlist, is one of a few I really enjoyed, and added to the album experience. It set up the narrative and placed her at the start of the journey I described in the first paragraph. I was of the opinion that Blank Space was Taylor Swift’s best song, but thought in listening to her discography, I would stand corrected. I need some time to sit with All Too Well and it's Ten Minute Version, but what I didn't expect was to have my feelings validated. Blank Space condenses a somewhat complicated story into a relatively short number of lyrics. This would be really challenging without the versatile writing Taylor employs, but isn't the only thing that makes the song great. Throughout the album, production is off the wall, and since it's crazy good across the board, I won't bother with mentioning it again, since it goes without saying. Blank Space, unlike any other song by Taylor, marries the lyrics with the beat so perfectly. At every outburst there is a change in instrumentation, to signify mood, and every tone change is accompanied by a beat drop. Top that off with the “second meaning” that this song is really addressing critics, that's just the cherry on top. I was loosely familiar with Style but didn't recognise the start of the song at all. I like that at different points throughout the track, it can sound so different. Lyrically good, but I had never clocked on to the fact that this was about her relationship with Harry Styles. Another clever lyrical detail. Out of the Woods is the other song I knew of, and the final unexpected playlist add. I more went with my gut for this one, I couldn't explain in detail why it was good, but I know I won't regret relistening to it later. Please note that the level of analysis for a song like Blank Space comes with prior familiarity, and whilst it's nice to be able to articulate my thoughts and feelings, music is about what's in your heart first, not your mind. Shake It Off, I have a weird relationship with. I decided quite young that I wasn't going to blindly hate Taylor Swift just because I was a boy, and that she had some good songs. When I got old enough to care about music, I rediscovered this song and hated it. Over time, I cooled off enough to appreciate that it's a bit of a bop, and enjoy the message about dancing to the beat of your own drum, but what always ruined it for me was that rap verse: she spent half of her eight bar rap verse introducing herself and then dropped some of the lamest bars I've ever heard. I liked her rhyming “feller over there” and “hella good hair” but that was about it. Rap is my genre. Rap this bad makes a song unlistenable. I didn't understand how Taylor could include this part and think it was alright. Then I realised I was being a snob and was one of the haters she was talking about. The song will be joining my playlist. Bad Blood, unfortunately, was not as good on the album version. I think I've heard this version before, but the version on my playlist is the Kendrick Lamar version which I think is far superior. Obviously, that is missing all of her original verses and I'm sure some fans miss that, but I would be curious to hear the consensus. I would also be curious to know what she is singing about, because I'm pretty sure this song was inspired by real events? The beat is much slower, which I can appreciate, but as discussed in previous posts, I prefer more energy, and I think this song suits the bigger sound provided by the remix. On the topic of Kendrick Lamar, I know noone asked for my take on this, but this album doesn't come close to To Pimp a Butterfly, which it famously snubbed in the Grammys. That said, I'm not mad 1989 won. Kendrick’s album will go down in history as one of the greatest works from its medium, but Taylor’s dominated the airwaves that year, and I think the Grammys are more likely to take into account hits such as Blank Space, Shake it Off and Bad Blood. If anything, 1989’s winning tarnishes its reputation, because whenever it comes up in music discussions, it will be framed as the record that “stole” the top spot from the superior album. After Bad Blood ended, I felt my excitement drop for the rest of the album. Oftentimes, I will lose focus, and fail to give my full attention to a record, but I made a point of locking in and I'm glad I did because it meant I got to enjoy Wildest Dreams. A dreamy song, which I vaguely recognised, and one of the few standouts that I don't intend to add, but look forward to relistening to in the context of the entire project. It really sounded like the album was ending with This Love, but I Know Places came in, and reminded me a little of Stay Stay Stay, in how the production seemed slightly different, but still great. I took in her lyrics, at least on a surface level (if there is some deep, second meaning to the track I'm yet to find it) and appreciated what seemed to be quite a straightforward, but important addition to the album’s narrative. Finally, Clean provided closure. Taylor is quite good at structuring albums. Even the songs I didn't mention, I enjoyed. Some weren't memorable, but still sounded great, and contributed to a cohesive, palatable experience. I am quite excited for Reputation, but am mainly holding out for folklore and evermore. I haven't been enjoying Taylor Swift as much as other artists, which is a shame because I thought I might really like her, but I'm glad to have this album. This type of album is the exact reason I spend so much time digging through discographies, and whilst it's not exactly an underrated one, it's most certainly a gem. submitted by /u/kingglobby [link] [comments]",284cf59519dd,/u/kingglobby,https://www.reddit.com/r/TaylorSwift/comments/1plx0mt/getting_into_taylor_swift_1989_512/,2025-12-13T21:49:56+00:00,2025-12-13 21:49:56+00:00,https://www.reddit.com/r/TaylorSwift/search.rss?q=Grammy&restrict_sr=1&sort=new&t=year
Reddit,TaylorSwift,On Taylor's Influence,"Was listening to two different songs recently, and I noticed something. a). In Chappell Roan's Pink Pony Club... the singer is from Tennessee? Why Tennessee? Chappelle is from Missouri...which also fits the rhyme. Of course, PPC is a song about leaving your rural home (specifically TN.) and moving to hollywood. And when Chappell was 11, a song about that very subject won the Grammy for best Country Song... and was absolutely huge. White Horse b). Raye's ""Where is My Husband"" does something musically really interesting. It has this massive bridge, divided into sections, that is the sonic and emotional climax of the track (instead of the climax being in the last chorus as is traditional). This is a technique that a certain blond also uses all the time... and basically no one else. I have no idea if these are concious influences or not. But this is what musical influence actually looks like... not people saying ""so and so influenced me"". So I'm curious... can anyone else think of these... echoes... for lack of a better word? submitted by /u/Resident_Ad5153 [link] [comments]",4543376e4753,/u/Resident_Ad5153,https://www.reddit.com/r/TaylorSwift/comments/1pav3ig/on_taylors_influence/,2025-11-30T22:12:23+00:00,2025-11-30 22:12:23+00:00,https://www.reddit.com/r/TaylorSwift/search.rss?q=Grammy&restrict_sr=1&sort=new&t=year
Reddit,TaylorSwift,"Grammy Discussion #02 What nominations and wins do you think “Fearless"" should have at the Grammys?",": you can choose songs or albums different from those she actually submitted in those years. Let's go with her second album ""Fearless"" At the 52nd Grammy Awards, she was nominated in eight categories, winning four: ""Album of the Year"" and ""Best Country Album"" for Fearless and ""Best Country Song"" and ""Best Country Vocal Performance"" for ""White Horse"". Do you think she deserved more nominations and wins that year? submitted by /u/BrenoGrangerPotter [link] [comments]",7163cb89b58b,/u/BrenoGrangerPotter,https://www.reddit.com/r/TaylorSwift/comments/1p8e7it/grammy_discussion_02_what_nominations_and_wins_do/,2025-11-27T21:59:58+00:00,2025-11-27 21:59:58+00:00,https://www.reddit.com/r/TaylorSwift/search.rss?q=Grammy&restrict_sr=1&sort=new&t=year
Reddit,TaylorSwift,How Taylor Swift's accent and dialect have changed throughout her eras,"When did you start noticing her voice change? And do you think you’ll start sounding like her soon?💕 🦋🦋🦋🦋🦋🦋🦋🦋🦋🦋🦋🦋🦋🦋🦋 Article from NPR: Over the past two decades, Taylor Swift has categorized her music, relationships and style in eras. But researchers have found another thing that Swift seems to change often — and that is the way she speaks. Matthew Winn, an audiology professor at the University of Minnesota Twin Cities, and his student, Miski Mohamed, co-authored a study that analyzes Swift's dialect and accent from 2008 to 2019. For several years, they listened to old Swift interviews, focusing primarily on her time in Nashville and New York City, and found that her vowel pronunciation had significantly changed over time. These changes in Swift's dialect coincided with her gradual transition from country music to pop sensation. ""She's been recorded so often for interviews over the course of her career that we have this timeline of her voice throughout the years,"" Winn told Morning Edition. ""So it sort of gave us a rare chance to do this kind of study because we know that people change their accent, but we don't often get a chance to measure it."" Swift was born in West Reading, Pa., where she developed a love for music and performance. When she was 14 years old, her family moved to Hendersonville, Tenn., a suburb near Nashville, to support Swift's country music aspirations. Her relocation to Tennessee markedly influenced her accent and dialect. Although many people assume that dialects only reflect the region a person grew up in, dialects are also shaped by the social community someone wants to be a part of or fit into, Winn and Mohamed explained in a summarized version of their research on the UMN Listen Lab's website. ""As [Taylor Swift] started singing country music, she was integrating into a community that spoke with a Southern accent,"" Winn said. In a 2004 interview with Good Morning America, Swift, 14 at the time, doesn't yet speak with a distinct Southern accent. But after four years in Nashville, she had adopted a thick, yet charming, Southern accent that can be heard in a Country Music Television interview recorded in 2008. That accent translated into — of course — her music, like her Grammy-winning sophomore album, Fearless. During this era, Swift specifically named Faith Hill, Shania Twain and The Chicks as her country music idols. Winn says that to fit into the country music social scene, Swift might have studied more than just their music. ""Part of what it means to be a country musician is to speak with that Southern accent,"" Winn said. ""And just to make sure that she was welcomed into that community, maybe that was something that helped that process."" After releasing three successful country-inspired albums between 2006 and 2010 — her self-titled album Taylor Swift, Fearless and Speak Now — Swift's music career and personal life began to evolve past Nashville and the country music scene as she entered her early 20s. In 2011, Swift started purchasing houses on both the east and west coasts — in states like California, Massachusetts and Rhode Island — and spending more time away from the Southern influences of Nashville. So, when she released her 2012 album, Red, Winn says it's no surprise that her recent bicoastal moves were reflected in her dialect — and music. ""She was exiting country music and entering pop music where a Southern accent wouldn't have necessarily fit in as well,"" Winn said. Red was one of the biggest pop music commercial successes of 2012 — it also did well with critics, as the album earned Swift two Grammys and sold over 1 million copies within the first week of its release. Swift had intentionally shifted toward a more pop-focused sound and style. But she was still being categorized as a country music artist and her Southern accent continued to linger, especially in her conversational speech, which can be heard in a 2012 interview with NPR's All Things Considered. Two years after Red's release, Swift shared in a 2014 Rolling Stone interview that she had moved, again, and started a life in New York. That same year, she released her fifth studio album 1989, a full-stop pop album. The album was, again, a commercial success and critically acclaimed — it went platinum in a week and made Swift the first woman to win album of the year twice at the Grammys. In a 2014 interview with NPR, Swift's Southern accent was absent. Her voice, vocally and conversationally, had shifted almost completely. From 2017 to 2019, Swift released her sixth and seventh studio albums, Reputation and Lover, establishing herself as a pop music sensation. Although she was excelling in her career, Swift's music and personal life took a hit when Scooter Braun, a celebrity manager known for working with pop stars like Justin Bieber and Ariana Grande, purchased her first six studio albums' masters in 2019. Swift was publicly frustrated with Braun, and she worked hard to get back the rights to her music — re-recording four of her albums and, eventually, buying back her master recordings in March 2025. During this tense time for Swift, Winn and Mohamed noticed that the pitch in her voice had dropped. Winn notes that the subjects she was speaking on during this time, social change, feminism and musician's rights, might have prompted her to drop the pitch in her voice. But he also attributes Swift's location and social life in New York City to this shift, which can be heard in a CBS Sunday Morning interview recorded in 2019. ""This was a time when she was being much more vocal about social and political issues and the autonomy of musicians over their own work,"" he said. ""I think she did what a lot of people do. She took those issues very seriously. She started speaking with a lower voice."" Conscious and unconscious influences can affect the way a person speaks, Winn says. And Taylor Swift is no exception. Winn attests that a person's dialect reflects all the places they've lived and all the people who have influenced them. He and Mohamed found that Swift's relocations to different geographic regions influenced her accent and dialect, but they attribute the change in her voice to her evolving social influences and aspirations, too. ""So this gives us a way to interpret these speech changes as reflective of social and career goals rather than just being in a different city,"" Winn said. Winn and Mohamed don't plan to analyze Swift's accent and dialect beyond her 2019 Lover era, as she seems to have found her voice. ""She both has her own accent and also is influencing the public as well. So other people are maybe listening to her and sounding more like her because they like her so much,"" he said. So, if you're a casual fan, a die-hard Swiftie, or consider the pop star inspirational, at all, don't be surprised if you start sounding like her, too. submitted by /u/LeoSagPie333 [link] [comments]",5c168dd1f9b7,/u/LeoSagPie333,https://www.reddit.com/r/TaylorSwift/comments/1o3ho0j/how_taylor_swifts_accent_and_dialect_have_changed/,2025-10-11T00:26:35+00:00,2025-10-11 00:26:35+00:00,https://www.reddit.com/r/TaylorSwift/search.rss?q=Grammy&restrict_sr=1&sort=new&t=year
Reddit,TaylorSwift,The 1989-Rep-Lover and Midnights-TTPD-TLOAS parallels are insane!,"I keep thinking about how Taylor’s 1989 → Reputation → Lover arc mirrors the Midnights → Tortured Poets Department → Life of a Showgirl arc, and how it shows the way she reacts to criticism and big events in her life. The first clear link is 1989 and Midnights. Both are massive pop records built on polish and control, where she keeps emotion at arm’s length and focuses on strong, radio-ready hits. 1989 had “Style,” “Blank Space,” “Shake It Off.” Midnights had “Anti-Hero,” “Karma,” “Bejeweled.” They both dominated, both won Album of the Year, and both represent her at a creative and commercial peak. She’s on top of the world, broadly loved, and at that point where everyone sees her as untouchable. Then something major happens in her personal life that completely resets her tone. After 1989, it’s snakegate and the whole public fallout that comes with it. After Midnights, it’s her breakup with Joe. Both moments force her to retreat and write from a darker, more defensive place. That’s where we get Reputation and The Tortured Poets Department. Both albums shift heavily in mood. Reputation is darker, heavier, more confrontational, while Tortured Poets takes the dreamy synth-pop sound of Midnights and turns it into something sad and introspective. Both albums are presented publicly as “response” records: Reputation seemed like it was about revenge after snakegate, Tortured Poets was presented as a breakup album. But once you listen, neither is exactly what it looks like. Reputation is really a love story about Joe. Tortured Poets is about the breakup period, but most of the emotion centres around Matty Healy and the chaos that followed. They both get dismissed or misunderstood when they come out, but fans gradually recognise them as some of her strongest writing. Both are emotionally dense, slower to digest, and get more appreciation over time. Then comes the overcorrection. After Reputation, Taylor swings hard the other way with Lover, which is bright, colourful, and intentionally optimistic. It’s a conscious move away from all the intensity of Reputation. After Tortured Poets, she does the same with The Life of a Showgirl, going all-in on light, sparkly pop again. Each time you can see her saying “I’m fine now,” trying to put the focus back on love and fun. Both albums are also shaped by criticism. Reputation didn’t get Grammy nominations, and Lover feels like her attempt to reclaim that validation by proving she can write a classic pop album again. With The Life of a Showgirl, she’s already said she wanted to set the bar extremely high, which lines up with the same impulse. But like Lover, Showgirl might not quite reach that mark. Lover had some weak and cringe moments that were heavily criticised, and Showgirl is getting the same kind of feedback. They’re both bright, self-assured reactions that maybe overcompensate for how dark and serious things got before. If this pattern holds, TS13 will probably be her next Folklore moment. Folklore came right after Lover and was a reaction to people saying her writing had gone downhill. She went completely the other way and reminded everyone that she’s one of the best lyricists alive. I think we’ll see that again. Showgirl’s response has been mixed, and if there’s one thing Taylor does, it’s respond. TS13 is her number, her symbol, so she’ll want it to be something important and undeniable. I think it’ll be a sharp, stripped-back, story-driven record that shows her at her best again. When you map it out, the pattern is so consistent it’s hard to ignore: the big pop victory lap (1989, Midnights), the dark personal fallout (Reputation, Tortured Poets), the overcorrected return to colour (Lover, Showgirl), and then the stripped-down artistic reaffirmation (Folklore, likely TS13). It’s not random, it’s her cycle. She hits a peak, takes a hit, overcorrects, and then comes back stronger through her writing submitted by /u/Sunkistboy20 [link] [comments]",71bc4a35d04c,/u/Sunkistboy20,https://www.reddit.com/r/TaylorSwift/comments/1nyt0eg/the_1989replover_and_midnightsttpdtloas_parallels/,2025-10-05T16:37:35+00:00,2025-10-05 16:37:35+00:00,https://www.reddit.com/r/TaylorSwift/search.rss?q=Grammy&restrict_sr=1&sort=new&t=year
Reddit,TaylorSwift,Miss Americana documentary and her reaction to nominations for the Grammys for Reputation,"I’m watching Miss Americana for the first time since it first came out, I feel so sad for her not getting her accolades for Reputation. She says “this is fine. I just need to make a better album.” Rep is my favorite album of hers. It’s so cohesive and different from what she did before, that I don’t think she could have made a better album at the time. It’s just sad seeing her sad about it not getting any noms in the big 4 categories.. submitted by /u/Super_Frosting88 [link] [comments]",00c62c445035,/u/Super_Frosting88,https://www.reddit.com/r/TaylorSwift/comments/1nfdukt/miss_americana_documentary_and_her_reaction_to/,2025-09-12T20:25:32+00:00,2025-09-12 20:25:32+00:00,https://www.reddit.com/r/TaylorSwift/search.rss?q=Grammy&restrict_sr=1&sort=new&t=year
Reddit,TaylorSwift,Ringo Starr Reveals His Favourite Taylor Swift Song – A Surprising Choice,"Among Taylor Swift’s many eras—country, pop, indie-folk—Starr’s favourite comes from her Fearless period. Released in 2008, Fearless catapulted Swift into international superstardom, earning multiple Grammy Awards and spawning some of her most iconic singles. Out of all the tracks, Starr singled out one that has become an anthem for fans across generations: “You Belong With Me” source submitted by /u/herseydenvar [link] [comments]",3d68b09b2e45,/u/herseydenvar,https://www.reddit.com/r/TaylorSwift/comments/1n37gl2/ringo_starr_reveals_his_favourite_taylor_swift/,2025-08-29T13:28:28+00:00,2025-08-29 13:28:28+00:00,https://www.reddit.com/r/TaylorSwift/search.rss?q=Grammy&restrict_sr=1&sort=new&t=year
Reddit,TaylorSwift,A pre-album single in the next 2 days?,"Who thinks she’ll drop a single by the 30th? Otherwise, she won’t qualify for the next Grammys submitted by /u/anonhumanontheweb [link] [comments]",7a55a2f6f66a,/u/anonhumanontheweb,https://www.reddit.com/r/TaylorSwift/comments/1n2p46n/a_prealbum_single_in_the_next_2_days/,2025-08-28T21:39:05+00:00,2025-08-28 21:39:05+00:00,https://www.reddit.com/r/TaylorSwift/search.rss?q=Grammy&restrict_sr=1&sort=new&t=year
Reddit,TaylorSwift,What are your predictions for The Life Of A Showgirl,"here are my thoughts; feel free to share your opinions too i think the fate of ophelia is gonna be hauntingly stunning and its gonna sound like the ""gold rush"" intro or ""my tears ricochet"" intro, something like that. i think elizabeth taylor is definitely gonna be pop, but i could see this song becoming a more slow pop song, like maybe something in between the lines of ""this love"" and ""false god"" opalite. this either will be really experimental and out there, but will neverhteless sound amazing. OR this could be a really really infectious melody and itll go viral, i see the latter more likely to happen. i feel that this could be a single. for father figure, i dont really know what to expect of this track but i think it will be pop, just not too upbeat per se than the others. this could have potential to go viral in my mind i think. im very unsuree. for eldest daughter, this could either be one of the only ballads on this album, but even if it is a ballad, i still do feel that there will be elements of upbeat pop shining through. for the premise, i think this could possibly be something like ""favourite daughter"" by lorde? (abt like pressure and stuff) may be a reach. ruin the friendship. this is gonna be SO GOOD. i can already just feel it and if its not up to my standards, i willl be sorta dissappointed. i just see this being perfect. 10/10 is all i can say for this prediction actually romantic. i feel like this and ruin the friendship are gonna be like um a power duo and this one i feel like will turn a lot of heads. i saw someone predicting that this could be the lead single and i can see that happening but i feel like instead this is gonna either be a song where you're like ""it's cute but nothing crazy"" or youre gonna go bonkers for it. i feel like this will be my favourite and so many others. wi$h li$t is i think gonna be like ""i love my money"" or something flaunty like that. i feel like shes just gonna go all out and flaunt all her things. i see the potential for this to be an edit audio wood is gonna be EXACTLYYY like ""peacock"" by katy perry and its gonna be so so so good. i can see this ranking high and this is def gonna be one of those more bravve songs. CANCELLED! is either going to get flamed for being ""cringy"", the kind of ""cringy"" that outsiders said karma was. but for the swifties, i think theyre going to love it. the other prediction for this that i see in my mind is that its going to be loved by both critics and fans, and it's going to be exactly what it's trying to be. however, this is a very loose prediction and i dont have faith in the latter. honey. this is going to be a song of excellence but it will not be receiving its flowers and this is just gonna be one of those beautifully orchestrated songs that dont get any applause. this is going to be ccriminally underrateed, i feel. finally, the taybrina finale is going to go out with a bang. i feel like shes gonna save the best for last and shes gonna choose a good song, especially if its for a collab with one of her friends. even though i cant exactly pinpoint what i think will be a single and what will not, i am 99% sure this is becoming a single. overall, i think this album is going to be the next 1989 and its going to be received well by everybody. this is definitely winning grammys and other various awards and this is going to live long. what are your guys' predictions? submitted by /u/NeedleworkerSad4998 [link] [comments]",b48fe82412a5,/u/NeedleworkerSad4998,https://www.reddit.com/r/TaylorSwift/comments/1mu8kg6/what_are_your_predictions_for_the_life_of_a/,2025-08-19T04:24:22+00:00,2025-08-19 04:24:22+00:00,https://www.reddit.com/r/TaylorSwift/search.rss?q=Grammy&restrict_sr=1&sort=new&t=year
Reddit,TaylorSwift,Did anyone here become a fan of Taylor because of THE TORTURED POETS DEPARTMENT?,"Hiii! I’m still a relatively new Swiftie here. I became a mega-fan of Taylor when the Eras Tour movie came out. It was rare, I was there when she announced TTPD at the Grammys. I was at work that day and I just remember being so shaken up that she had announced an album so soon after being a fan. When TTPD came out, it was VERY divisive in the fandom, for all sorts of reasons. Too bloated, cringe lyrics, the songs sounded the same…Well, I thought it was her best work yet. It was unhinged, it was unfiltered, it was a sonic universe invented by Taylor. Though I hadn’t been a fan for that long at that point, it felt like TTPD was a Taylor I had been waiting for after listening to all of her albums and it was just everything to hear her be so confessional. This cemented my Swiftie obsession. It’s one of my favorite albums of all time even over a year later. TTPD was a successful album, with tons of streams and sales, despite the divisiveness. Another thing people say about it is “you had to be invested in the Taylor lore” to really get it…so it brings me to my question. Did anyone become a fan after hearing TTPD? Like, was this album and the Anthology what cemented you as a Swiftie? It really does seem like jumping into the deep end of her artistic work so I really want to know. Have a lovely day, fellow showgirls! submitted by /u/niles_deerqueer [link] [comments]",58f7cca8b72a,/u/niles_deerqueer,https://www.reddit.com/r/TaylorSwift/comments/1mtgip3/did_anyone_here_become_a_fan_of_taylor_because_of/,2025-08-18T08:45:01+00:00,2025-08-18 08:45:01+00:00,https://www.reddit.com/r/TaylorSwift/search.rss?q=Grammy&restrict_sr=1&sort=new&t=year
Reddit,TaylorSwift,"Grammy Discussion #01 What nominations and wins do you think the debut album ""Taylor Swift"" should have at the 2008 Grammys?","I’d like to start a discussion: do you think Taylor Swift should have been nominated for — and possibly won — every Grammy she competed for? Here’s the twist: you can pick different songs or albums than the ones she actually submitted in those years. Let’s start with her debut album, Taylor Swift. At her first Grammys, she was only nominated for Best New Artist, which went to the amazing Amy Winehouse. Do you think she deserved more nominations that year — maybe in songwriting categories, album categories, or elsewhere? submitted by /u/BrenoGrangerPotter [link] [comments]",7163cb89b58b,/u/BrenoGrangerPotter,https://www.reddit.com/r/TaylorSwift/comments/1mr0iig/grammy_discussion_01_what_nominations_and_wins_do/,2025-08-15T15:06:47+00:00,2025-08-15 15:06:47+00:00,https://www.reddit.com/r/TaylorSwift/search.rss?q=Grammy&restrict_sr=1&sort=new&t=year
Reddit,TaylorSwift,You’re on your own kid - would it have won a Song of the Year Grammy?,"I’ve been thinking about why Taylor Swift has never won Song of the Year. When you look at her nominations — “You Belong With Me,” “Shake It Off,” “Blank Space,” “Lover,” “Cardigan,” and “Anti-Hero” — they’re mostly the big singles. Her most emotional writing is usually Track 5, and those songs almost never get the shot. The one exception is “All Too Well (10 Minute Version),” which honestly feels too devastating to talk about because of its loss. So here’s my question. If “You’re On Your Own, Kid” had been nominated for Song of the Year, do you think it would have won? And what other Track 5s do you think might have taken the award? submitted by /u/purplegal556 [link] [comments]",f5c770a9e413,/u/purplegal556,https://www.reddit.com/r/TaylorSwift/comments/1mlfth6/youre_on_your_own_kid_would_it_have_won_a_song_of/,2025-08-09T03:50:52+00:00,2025-08-09 03:50:52+00:00,https://www.reddit.com/r/TaylorSwift/search.rss?q=Grammy&restrict_sr=1&sort=new&t=year
Reddit,TaylorSwift,SZA Expresses Interest in Collaboration with Taylor Swift,"When asked about her relationship with the “Fortnight” hitmaker, SZA gushed about their interactions. “Do you guys give advice, do you get inspired by each other? How does that work?” J. Hud asked the multihyphenate. “Girl, that’s Taylor Swift,” SZA said as a clip of them chatting at the 2025 Grammys appeared on the screen behind her. “Every time she walks up to me or approaches me, I’m just like, ‘All right, this is happening, because that’s fully Taylor Swift.’” The “Kill Bill” singer continued, “I think I mentioned that I would love to write with her and build some things together. I love her storytelling. She was open to it.” She also gave Taylor her flowers as she said she was “awesome” and “bossed up.” submitted by /u/One_Drummer_8970 [link] [comments]",c9f82b0531cb,/u/One_Drummer_8970,https://www.reddit.com/r/TaylorSwift/comments/1mec38j/sza_expresses_interest_in_collaboration_with/,2025-07-31T20:11:31+00:00,2025-07-31 20:11:31+00:00,https://www.reddit.com/r/TaylorSwift/search.rss?q=Grammy&restrict_sr=1&sort=new&t=year
Reddit,TaylorSwift,Think back to Reputation and your first listen: did you freak out with such a banger track 1,I wasn’t really a swiftie at the time Reputation came out… so I am just curious how crazy it was to hear are you ready for it… after her being completely shut off from the world. I really didn’t become a swiftie until Midnights came out. I had 1 or 2 favorite songs from each album and then I fell deep down the lyrical tornado brain garden after listening to maroon but Rep has always been my favorite. I really am shocked it didn’t get any Grammys submitted by /u/Sarmallen [link] [comments],008abf3b9be7,/u/Sarmallen,https://www.reddit.com/r/TaylorSwift/comments/1m8u6fx/think_back_to_reputation_and_your_first_listen/,2025-07-25T08:57:31+00:00,2025-07-25 08:57:31+00:00,https://www.reddit.com/r/TaylorSwift/search.rss?q=Grammy&restrict_sr=1&sort=new&t=year
Reddit,TaylorSwift,Grammys 2025 inspired drawing,"I've drawn like dozens of Taylors that I haven't shared anywhere (or shared but got 0 likes or views on my socials), so I hope you don't mind if I share some here. submitted by /u/nmlss [link] [comments]",32eb582c56ae,/u/nmlss,https://www.reddit.com/r/TaylorSwift/comments/1lxxsbi/grammys_2025_inspired_drawing/,2025-07-12T11:04:02+00:00,2025-07-12 11:04:02+00:00,https://www.reddit.com/r/TaylorSwift/search.rss?q=Grammy&restrict_sr=1&sort=new&t=year
Reddit,TaylorSwift,Fantasy sports for Pop Music,"Hi all! I'm a software dev with some freetime coming up. I was toying with this idea, and I'd love to hear opinions! IDEA: ""Betting"" on music award shows - predicting nominations and winners for each award. First, I say ""betting"" because this wouldn't be monetized. I'm a single dude and can't pay for winning picks lol. Accurate picks would earn you points for some digital content like avatars, skins, etc. The long term goal (if enough people use it) would be going through the legal hoops to offer real prizes (maybe cash or merch or something). The core site would have 2 betting rounds per awards show. For example, a round betting on grammy nominations for each award. Round 2, predicting which nominee will win the award. With extra points if your original nominee wins. I love watching the Grammys, VMAs, BET awards etc, and I've always wanted some credit for predicting AOTY or Best New Artist. Let me know if you would use something like this if it was fully fleshed out and popular. Then if you'd like to beta test lmk! :) submitted by /u/RevolutionaryElk4157 [link] [comments]",6be215163fe3,/u/RevolutionaryElk4157,https://www.reddit.com/r/TaylorSwift/comments/1lmqmco/fantasy_sports_for_pop_music/,2025-06-28T16:14:21+00:00,2025-06-28 16:14:21+00:00,https://www.reddit.com/r/TaylorSwift/search.rss?q=Grammy&restrict_sr=1&sort=new&t=year
Reddit,TaylorSwift,What are Taylor’s favourite albums in her own discography and why?,"Based on what Taylor has done for her albums when it comes to the marketing, merch, era in general and how she talks about them now. Personally I believe Taylor's favourites are: - 1989: such a career highlight, she did everything for this album: cut her hair, changed genres, she even named the album after her birth year. Her love for 1989 shines through the TVs where she wore mostly blue outfits for the announcement and gave us the greatest hunt for the vault tracks. -RED: She was pissed off about not winning that grammy. She was in a period of pure experimentation and loved it, even the public did. Red Tv especially got so much merch and marketing to the point it became its own era. This was the albums with the most vault tracks and her longest song, which also got a short film as music video. folklore: after neither Lover nor reputation performing well, she really did come back stronger than a 90s trend. Despite the era being rather short, the folklore cardigan became her most famous merch piece and the way she talks about the album makes you think of just how proud she is of it. The folklore set was also pretty long even after the sister albums got combined. submitted by /u/Own_Heron_1410 [link] [comments]",801161a1b24d,/u/Own_Heron_1410,https://www.reddit.com/r/TaylorSwift/comments/1ldmhfc/what_are_taylors_favourite_albums_in_her_own/,2025-06-17T12:59:38+00:00,2025-06-17 12:59:38+00:00,https://www.reddit.com/r/TaylorSwift/search.rss?q=Grammy&restrict_sr=1&sort=new&t=year
Reddit,TaylorSwift,Found my ticket stub from the 1989 World Tour. $139.50 for B Stage Pit.,submitted by /u/PlatinumBiscuits [link] [comments],d5cfb836bff1,/u/PlatinumBiscuits,https://www.reddit.com/r/TaylorSwift/comments/1t1b99r/found_my_ticket_stub_from_the_1989_world_tour/,2026-05-02T00:50:24+00:00,2026-05-02 00:50:24+00:00,https://www.reddit.com/r/TaylorSwift/search.rss?q=ticket&restrict_sr=1&sort=new&t=year
Reddit,TaylorSwift,Ticket stubs,My mom is spring cleaning and found these in my childhood room. They were still pinned to my “Memories Board”! This would’ve been her Fearless Tour my senior year of high school and then freshman year of college. SO glad I held onto the paper tickets when they were still a thing 💛🫶🏻💛 submitted by /u/sneak_a_peek [link] [comments],b7bcfbd608e6,/u/sneak_a_peek,https://www.reddit.com/r/TaylorSwift/comments/1saok2x/ticket_stubs/,2026-04-02T17:53:04+00:00,2026-04-02 17:53:04+00:00,https://www.reddit.com/r/TaylorSwift/search.rss?q=ticket&restrict_sr=1&sort=new&t=year
Reddit,TaylorSwift,Taylor Swift is #1 by a huge lead on the Top Female Touring Artists of the 21st Century rankings by Pollstar,submitted by /u/kookiekoo [link] [comments],e03bb7477f27,/u/kookiekoo,https://www.reddit.com/r/TaylorSwift/comments/1s4e17f/taylor_swift_is_1_by_a_huge_lead_on_the_top/,2026-03-26T17:30:07+00:00,2026-03-26 17:30:07+00:00,https://www.reddit.com/r/TaylorSwift/search.rss?q=ticket&restrict_sr=1&sort=new&t=year
Reddit,TaylorSwift,Are we Swifties the last devoted “fandom” for a western artist left?,"Just curious on your thoughts about this. Excluding K-POP groups who obviously have fandoms, it seems like we’re the last bastion when it comes to a being a community that is so united and dedicated toward an artist right now. Directioners are no more as 1D has long disbanded. Beliebers aren’t the force they once were due to Justin’s multiple controversies over the years and transition into a more “mass market” star. While Taylor is definitely a mass market superstar, we Swifties have never once wavered throughout her career. As a Swiftie who grew up with her music, that makes me feel so proud. The only other artist right now who might have this level of “fandom” is Harry Styles. The dude is a machine who’s operating on a different level right now as seen by the demand for his tickets and the reception for his latest album. Besides this, he also has the accolades and critical acclaim to back up his extremely devoted fanbase. submitted by /u/joshuamarkrsantos [link] [comments]",aa060501e86e,/u/joshuamarkrsantos,https://www.reddit.com/r/TaylorSwift/comments/1ro54fy/are_we_swifties_the_last_devoted_fandom_for_a/,2026-03-08T13:38:55+00:00,2026-03-08 13:38:55+00:00,https://www.reddit.com/r/TaylorSwift/search.rss?q=ticket&restrict_sr=1&sort=new&t=year
Reddit,TaylorSwift,My Taylor Swift Pin Collection,"I collect pins and have a square that’s just Tay! The tour one is official from my ticket purchase and the rest were separately purchased from various sources, mostly Etsy. submitted by /u/glassmenagerie91 [link] [comments]",f192891ffb9f,/u/glassmenagerie91,https://www.reddit.com/r/TaylorSwift/comments/1rj2y3i/my_taylor_swift_pin_collection/,2026-03-02T19:42:51+00:00,2026-03-02 19:42:51+00:00,https://www.reddit.com/r/TaylorSwift/search.rss?q=ticket&restrict_sr=1&sort=new&t=year
Reddit,TaylorSwift,"In 2013, I got an email saying general admission pit tickets were still available at face value. Thought people might like to see the few pics I could still find from that night.",I wish I still had the video of her playing Mean. We were among the first people in the pit and I decided we should stand right by the trunk that she ended up sitting on to sing it. She even touched my hand. submitted by /u/RawIsJericho [link] [comments],e38dc160009b,/u/RawIsJericho,https://www.reddit.com/r/TaylorSwift/comments/1rghi6e/in_2013_i_got_an_email_saying_general_admission/,2026-02-27T20:12:27+00:00,2026-02-27 20:12:27+00:00,https://www.reddit.com/r/TaylorSwift/search.rss?q=ticket&restrict_sr=1&sort=new&t=year
Reddit,TaylorSwift,Anyone else catch her as an opener?,"Found this the other day while going through some old boxes I had in storage $69.50🇨🇦 to see Taylor Swift open up for Rascal Flatts in 2008, this was the 2nd time I saw her live, the first was 2007 opening for Brad Paisley. I remember buying tickets to this show just to see Taylor Swift! Such a great show! submitted by /u/External_Decision_81 [link] [comments]",7be81d4374c9,/u/External_Decision_81,https://www.reddit.com/r/TaylorSwift/comments/1r8taqa/anyone_else_catch_her_as_an_opener/,2026-02-19T07:55:53+00:00,2026-02-19 07:55:53+00:00,https://www.reddit.com/r/TaylorSwift/search.rss?q=ticket&restrict_sr=1&sort=new&t=year
Reddit,TaylorSwift,I Can See You -- the Video and the Lyrics is for the Swiftie,"Taylor said explicitly that this song is about her fans. Yet people seem confused about who this is written for. It is the Fan as a Man. Uh-uh, uh, uh You brush past me in the hallway And you don't think I, I, I can see ya, do ya? I've been watchin' you for ages And I spend my time tryin' not to feel it -- she knows the fans are watching her, she knows they are obsessed with her, but do they know she loves them too? But what would you do if I went to touch you now? What would you do if they never found us out? What would you do if we never made a sound? -- In the Eras documentary she says she was planning it for 2 years before it happened. Meaning she was preparing for this since around the Fearless re-release in 2021. 'Cause I can see you waitin' down the hall from me And I could see you up against the wall with me And what would you do, baby, if you only knew? That I can see you -- She can see them waiting for her. She can see them in her imagination, against the wall to wall of a stadium. She's being naughty and saying -- you think the Taylor's versions are cool, you have no idea, if you only knew, that I can *see* you. Here seeing means *knowing*. And we kept everything professional But something's changed, it's somethin' I, I like They keep watchful eyes on us So it's best that we move fast and keep quiet You won't believe half the things I see inside my head Wait 'til you see half the things that haven't happened yet -- there is someone who doesn't want her to do the concert, she's being professional but something changed with the roaring reception for a re-release (fearless), but sh'e already planned the eras in her head, she's teasing the fans, just wait and watch the things that haven't happened yet. That I could see you throw your jacket on the floor I could see you make me want you even more What would you do, baby, if you only knew? That I can see you -- Throwing a jacket, coat, or other personal item on a chair to reserve a seat is a common, yet often debated, practice. It is generally understood as a way to secure a spot in places with unassigned or first-come, first-served seating. She can see the fans ready to reserve tickets, she is confident that they will come for the concert. I could see you in your suit and your necktie Passed me a note saying, ""Meet me tonight"" Then we kiss, and you know I won't ever tell, yeah And I could see you being my addiction You can see me as a secret mission Hide away and I will start behaving myself -- She is secretly kissing the fans through her songs and they are desperate to meet her, and she knows. and they are her addiction. and to them she is a secretion mission. she promises to behave if they hide well enough. My assumptions here are that someone close to her convinced her and argumented her into not doing concerts after reputation. she is a performer, a showgirl and her life was taken away from her. And in being taken away from her showgirl life -- she started ""anthropomorphising"" the audience into a man, a secret man she was obsessing over. Anyone who has ever been asked to take a forced social media break knows what I am talking about -- it feels like being kept away from validation, from love and you know it will hurt but you want to go back anyway. Taylor completely quit all social media post reputation and it purely became a advertising space for her work. she was no longer interacting with fans. She was just obsessively watching, unable to interact. And if you see the video she is showing the fans rescuing her in the golden fearless dress (Even though the song is from Speak Now TV). She is framing the rescue as first happening during the fearless TV. That was the first rescue that the fans conducted. It was proof of concept that she doesn't have to diminish herself. she isn't fading (a fear she articulated during the Miss Americana documentary). and the fans are in on this rescue mission. The watchful eye in the MV is articulated by all the safety measures around her, bodyguards, dresses in glass cases, even mission impossible style laser tags, and crucially as someone once pointed out one of the mannequins is dressed up like joe. and she herself is locked in a vault. a vault is safe, but also sealed off from the world. the whole MV is set up in london -- the place where she was vaulted up, closed off, shut off. and the fans came along in a makeshift van, with makeshift moves, to rescue her, the best they could. she is sad about the london house in the end of the mv, she looks back with a sad expression, but the fans are in a hurry, they want to run away, its time, time to go. time to take fearless(the dress), red (her lipstick), speak now (as a painting) and go away IN THE MIDNIGHT. I genuinely believe ""From the Vault"" is a play on the words, and she is singing about things ""sideways"" because she cant name them openly yet, she doesn't want to hurt Joe (she loved him obviously). I don't believe a teenager could have written a song like ""Mr. Perfectly Fine"". And for a woman who ""anthropomorphised"" her fans into a Man, to then have one of them literally walk off the stadium and onto the stage? That is travis-- I am ideating this, thoughts upcoming, but remember he calls himself a swiftie. like imagine being taylor swift and marrying a swiftie. Should I do a podcast about this? I am unsure if it will be tolerated if I keep posting about all her songs about the fans and travis like this :) Thank you for being kind in advance! submitted by /u/scheherzad [link] [comments]",f0ef5aec53f8,/u/scheherzad,https://www.reddit.com/r/TaylorSwift/comments/1qsy3vt/i_can_see_you_the_video_and_the_lyrics_is_for_the/,2026-02-01T13:12:13+00:00,2026-02-01 13:12:13+00:00,https://www.reddit.com/r/TaylorSwift/search.rss?q=ticket&restrict_sr=1&sort=new&t=year
Reddit,TaylorSwift,"19 Years Ago Today, My Sister and I Met Taylor and Saw Her Open for George Strait!","I always love seeing when others post pictures of their old ticket stubs. I can't find the ticket stub, but I do have this picture! On 1/27/2007 we saw Taylor open up for George Strait (yes, we were there to see her!) at the Tacoma Dome and were lucky enough to meet her in a meet and greet line before the show! I told her Our Song was my favorite song and I hoped she released it as a single. She said she hoped so too! My biggest regret is being too shy to go up to talk to her parents, who were standing about 5 feet from us. Anyone else on this sub see her open for George Strait? Even back then, when her backup band was just a guitar and fiddle, she was able to engage a crowd that barely knew her. At that point she had only released one single and just announced that Teardrops would be her next single. What an incredible ride it has been, and I can't wait to see what the next 19 years holds for Taylor and us Swifties! Did her orange dress mean that she planted a Showgirl easter egg 19 years ago?!?! LOL submitted by /u/yaIshowedupaturparty [link] [comments]",5d53778326dd,/u/yaIshowedupaturparty,https://www.reddit.com/r/TaylorSwift/comments/1qopmb5/19_years_ago_today_my_sister_and_i_met_taylor_and/,2026-01-27T20:30:58+00:00,2026-01-27 20:30:58+00:00,https://www.reddit.com/r/TaylorSwift/search.rss?q=ticket&restrict_sr=1&sort=new&t=year
Reddit,TaylorSwift,When Taylor was just starting touring,Found these tickets when I was looking for something else. I’ve always saved all of my concert tickets. submitted by /u/CECtokenCollector [link] [comments],bd20673af33a,/u/CECtokenCollector,https://www.reddit.com/r/TaylorSwift/comments/1pdopid/when_taylor_was_just_starting_touring/,2025-12-04T02:55:17+00:00,2025-12-04 02:55:17+00:00,https://www.reddit.com/r/TaylorSwift/search.rss?q=ticket&restrict_sr=1&sort=new&t=year
Reddit,TaylorSwift,Items from Taylor Swift’s first tour!,Hi guys! I was looking through my storage and found a Jakks merch doll and my original Fearless Tour era t-shirt. I was lucky enough to win concert tickets through a radio show back then and I’ve loved them ever since. I even have video footage somewhere. Oh sweet nostalgia!!! submitted by /u/Ashamed_Can_2202 [link] [comments],b058b6d41bc4,/u/Ashamed_Can_2202,https://www.reddit.com/r/TaylorSwift/comments/1opovr5/items_from_taylor_swifts_first_tour/,2025-11-06T03:59:03+00:00,2025-11-06 03:59:03+00:00,https://www.reddit.com/r/TaylorSwift/search.rss?q=ticket&restrict_sr=1&sort=new&t=year
Reddit,TaylorSwift,12 years since my red tour show 🫶,"I was making a setlistfm account a couple days ago to track my concerts so I got out my old physical tickets to log them and I noticed the anniversary was only 2 days away. This was the first time I’d ever seen taylor live and I remember being so stoked at how close we were to the stage! I’d only ever been in the nose bleeds before. When she floated in the platform above the audience, she was directly above our section and when we waved up at her, she waved back. Then everybody screamed and started waving frantically back at her too. It’s my favorite memory from the show 🥹 Also, the section, row, and seat numbers add up to 13 👀 submitted by /u/sapphiclex [link] [comments]",285f57be01c2,/u/sapphiclex,https://www.reddit.com/r/TaylorSwift/comments/1oexjrk/12_years_since_my_red_tour_show/,2025-10-24T13:19:18+00:00,2025-10-24 13:19:18+00:00,https://www.reddit.com/r/TaylorSwift/search.rss?q=ticket&restrict_sr=1&sort=new&t=year
Reddit,TaylorSwift,The Official Release Party of a Showgirl Hype Megathread,"It’s officially release week — The Official Release Party of a Showgirl is almost here! Use this thread to share all things related to the movie and connect with others getting ready for premiere week. You can use this space to share: What you’re wearing — Outfit inspo, era mashups, showgirl themed outfits, DIY fits etc. Friendship bracelets — What phrases are you making? Any fun trades planned? Feel free to share your designs in the comments! and anything else film hype related! 🎥 Haven’t got a ticket yet, or unsure where to go? Use this site to find showtimes in your area: https://releasepartyofashowgirl.com submitted by /u/aran130711 [link] [comments]",d077ed7e0a7c,/u/aran130711,https://www.reddit.com/r/TaylorSwift/comments/1ntiunk/the_official_release_party_of_a_showgirl_hype/,2025-09-29T14:02:21+00:00,2025-09-29 14:02:21+00:00,https://www.reddit.com/r/TaylorSwift/search.rss?q=ticket&restrict_sr=1&sort=new&t=year
Reddit,TaylorSwift,Will Taylor make a surprise appearance at 'Life of a Showgirl' viewing?,We're surprising our two daughters with a trip to NYC next week and have tickets for LOAS. Does anyone have any deets on if Taylor will make a surprise appearance at any of the viewings? submitted by /u/its_me_ole_buck [link] [comments],8649fb5923f1,/u/its_me_ole_buck,https://www.reddit.com/r/TaylorSwift/comments/1nourmb/will_taylor_make_a_surprise_appearance_at_life_of/,2025-09-23T21:59:45+00:00,2025-09-23 21:59:45+00:00,https://www.reddit.com/r/TaylorSwift/search.rss?q=ticket&restrict_sr=1&sort=new&t=year
Reddit,TaylorSwift,"For anyone who didn’t know, tickets are on sale for international!","I’m not too sure about thier countries, but Australia has them submitted by /u/1MrAim [link] [comments]",5052326917d0,/u/1MrAim,https://www.reddit.com/r/TaylorSwift/comments/1no9fs8/for_anyone_who_didnt_know_tickets_are_on_sale_for/,2025-09-23T05:50:13+00:00,2025-09-23 05:50:13+00:00,https://www.reddit.com/r/TaylorSwift/search.rss?q=ticket&restrict_sr=1&sort=new&t=year
Reddit,TaylorSwift,"The Official Release Party of a Showgirl, Oct 3-5",Taylor is having release parties at AMC theaters from October 3rd to October 5th. International details to come! Variety Article submitted by /u/PassionateAsSin [link] [comments],599e8db9c2ae,/u/PassionateAsSin,https://www.reddit.com/r/TaylorSwift/comments/1nl7x2j/the_official_release_party_of_a_showgirl_oct_35/,2025-09-19T16:15:18+00:00,2025-09-19 16:15:18+00:00,https://www.reddit.com/r/TaylorSwift/search.rss?q=ticket&restrict_sr=1&sort=new&t=year
Reddit,TaylorSwift,Eras Tour munich n1 Tattoo,I was one of the happy people getting a Ticket for the munich show last year and just got my tattoo of that night. Its the crossing lyrics from the first surprise song mashup (Ivy x ciwyw). Such a unique experience i shared with my loved sister is now under my skin forever. ❤️ submitted by /u/I3errie [link] [comments],b2ad26ea2cf8,/u/I3errie,https://www.reddit.com/r/TaylorSwift/comments/1mnhzbk/eras_tour_munich_n1_tattoo/,2025-08-11T16:38:42+00:00,2025-08-11 16:38:42+00:00,https://www.reddit.com/r/TaylorSwift/search.rss?q=ticket&restrict_sr=1&sort=new&t=year
Reddit,TaylorSwift,Metalheads & Swifties Unite,"After seeing a post yesterday from another metalhead Swiftie showing his metal jacket, I figured why not throw my Taylor battle vest up here. The idea came together before the eras show in Nashville. I figured with everyone dressing up and making their own outfits… what does that leave me??? I decided to give my extra ticket to my nephew and in exchange my sister painted the back of this denim vest for me. I finished up the rest. The back image was pulled from some site - wish I could remember where and give credit. Anyway, I’ve been streaming this Back to the Beginning Ozzy Farewell show (ask your parents about Ozzy) for the last six hours and it’s incredible. Where are my fellow Swiftie metalheads??? Anyone else watching?! Anyone??? submitted by /u/Yevmonstar [link] [comments]",aa13eb65fa16,/u/Yevmonstar,https://www.reddit.com/r/TaylorSwift/comments/1lsixc0/metalheads_swifties_unite/,2025-07-05T20:12:28+00:00,2025-07-05 20:12:28+00:00,https://www.reddit.com/r/TaylorSwift/search.rss?q=ticket&restrict_sr=1&sort=new&t=year
Reddit,TaylorSwift,Who else didn't become a mega fan until the Eras Tour?,"Been listening to Taylor the past few days and remembered that before Folklore I'd only really heard her music on the radio. I never disliked her but I didn't really listen to a lot of music like that so I'd never really sought out her albums or anything. Then covid happened and my girlfriend (now fiancee) was super excited when Folklore came out and said I should listen to it cuz it was co-produced by ""one of the guys from The National"" and that Bon Iver was a feature (she was basically calling me a hipster but it's fine lol). So I listened to that, liked it a lot, but ultimately only Exile and a handful of other songs ever stayed in my rotation. Then the Eras Tour happened and I learned we were suddenly out like $2000 cuz she impulsively bought tickets lmao. So in the lead up to that we're obviously listening to her a lot, whether it's in the house or in the car. Midnights had come out and I really liked a bunch of songs on that. I also liked Evermore in the in-between but not as much as Folklore. Then it came time for the show itself. She made an outfit based on Midnight Rain and I just sorta died my hair blonde (vaguely a ""he was sunshine"" reference) and we went to the Philly show and man, it was one of the best shows I've ever been to. And by the end of it I was like oh damn, I knew like basically every song she performed. Am I actually a big Taylor Swift fan and I didn't realize it?? Then I went to work the next day and surprised everyone with my blonde hair and that I even went to the Eras Tour. Now I'm the office Swiftie. Anyway, end of my story. Listen to her all the time now. Anyone else get into her around that same time? submitted by /u/mrkrono [link] [comments]",1ad2b7d32384,/u/mrkrono,https://www.reddit.com/r/TaylorSwift/comments/1lg78pl/who_else_didnt_become_a_mega_fan_until_the_eras/,2025-06-20T15:43:45+00:00,2025-06-20 15:43:45+00:00,https://www.reddit.com/r/TaylorSwift/search.rss?q=ticket&restrict_sr=1&sort=new&t=year
Reddit,TaylorSwift,Swienna revival festival in Vienna in august to honour canceled shows!,"Tickets and details / or go to IG:swiftienightsvienna If anyone´s interested and in Vienna in August! (I can´t wait! I've already started to make more bracelets, the atmosphere last year was magnificent!) submitted by /u/Live_in_a_shoe [link] [comments]",88c8cf367593,/u/Live_in_a_shoe,https://www.reddit.com/r/TaylorSwift/comments/1l429yi/swienna_revival_festival_in_vienna_in_august_to/,2025-06-05T15:35:34+00:00,2025-06-05 15:35:34+00:00,https://www.reddit.com/r/TaylorSwift/search.rss?q=ticket&restrict_sr=1&sort=new&t=year
Reddit,TaylorSwift,How did you become a Swiftie?,"When I attended N1 of the Eras Tour at Swiftkirchen (Gelsenkirchen) I wasn't quite prepared for what would happen. Actually, I wasn't prepared at all. I got my ticket very late in October 2023 and bought it with the idea of just wanting to see the concert (I am deeply sorry for all who didn't get a ticket - and then there is me). Of course I knew who Taylor was and I knew a few songs but I wouldn't have considered myself to be a fan. I had no idea about friendship bracelets, concert insiders like willow orbs or what an era is actually supposed to be. 😅 When I arrived by car I took a look around the stadium mostly wanting to make sure where to go later. Besides that I saw all these Swifties in their different outfits. I saw so much happiness, so much anticipation. But I felt detached and it was honestly a bit too much at first. What was going on? So I spent the time until I wanted to queue up in my car preparing myself for my calculus exam - which seemed to be less overwhelming. I know how this must sound. A few hours later after the concert I was left speechless. I was stunned. I didn't know how to feel. It took a few days to go back to normal. But there was no going back. A few days before the 17th I had seen AC⚡DC. That was one awesome concert. But compared to the Eras Tour is was dwarfed. Entirely. The time after the concert was a time when I slowly or not so slowly (swiftly one could say) started to become a Swiftie. I started making friendship bracelets, attended Taylor Swift themed parties and dressed for these in my colors of my favorite era (Lover 🩷). I also started to learn about the fanbase, special numbers and Taylor Swift herself, of course. Almost one year after this life-changing experience I think I've got a good idea and understand a lot. And for the first time in my life when it comes to music I feel like that the musician beyond the music is very interesting and there's so much more than a few songs. Long story short (How awesome is that song btw?! 🎵) I not only want to share this experience with you but also would like to know: How did you become a Swiftie? So please share your story if you like. Love, peace and sparkles 🩷 ✌🏻✨ -Jtm Edit: Thank you guys for sharing your stories. I've read all of them so far. It's so interesting to see that there are so many Swifties who've been here from day one but also a lot who became one in recent years or even recent months - like me. 💖🫶🏻 submitted by /u/Jtmbizbiz [link] [comments]",144de0bc33d0,/u/Jtmbizbiz,https://www.reddit.com/r/TaylorSwift/comments/1l36bi2/how_did_you_become_a_swiftie/,2025-06-04T14:00:36+00:00,2025-06-04 14:00:36+00:00,https://www.reddit.com/r/TaylorSwift/search.rss?q=ticket&restrict_sr=1&sort=new&t=year
Reddit,TaylorSwift,Finished making Taylor Swift friendship bracelets,"I made bracelets for every album and song Taylor Swift has written ✨️ Back in Aug. 2023 when my childhood best friend called me to say she got us tickets to the Toronto show. At first I didn't believe her but it was true! From that moment I began to make bracelets. That October my mom was battling cancer then I lost my dad December 2023 with 6 more deaths to follow. The last two years have not been easy but art and bracelet making became my coping mechanism. The Toronto concert Nov. 23, 2024 was the day before my dad's birthday, almost a year to the date. It was meant to be. 23 is also my unlucky/lucky number. Two years later and I finally finished making these bracelets. I feel a sense of accomplishment and felt I needed to share it with everyone. I hope you like them 🫶✨️ submitted by /u/UrCanadianGirlfriend [link] [comments]",66319718a4de,/u/UrCanadianGirlfriend,https://www.reddit.com/r/TaylorSwift/comments/1l1qah6/finished_making_taylor_swift_friendship_bracelets/,2025-06-02T18:53:17+00:00,2025-06-02 18:53:17+00:00,https://www.reddit.com/r/TaylorSwift/search.rss?q=ticket&restrict_sr=1&sort=new&t=year
Reddit,TaylorSwift,I lost all pics from the concert but…,Not this one! It was my very first concert! I was 15! Pretty sure I kept the ticket for years until I moved out & my mom tossed it because my sister wanted my room. But still cool to see! $39.50 btw. submitted by /u/notyourtoothbrush [link] [comments],45a76c136fce,/u/notyourtoothbrush,https://www.reddit.com/r/TaylorSwift/comments/1kus20n/i_lost_all_pics_from_the_concert_but/,2025-05-25T02:28:25+00:00,2025-05-25 02:28:25+00:00,https://www.reddit.com/r/TaylorSwift/search.rss?q=ticket&restrict_sr=1&sort=new&t=year
Reddit,TaylorSwift,new (or newly serious) swifties: do you have any “swiftie regrets”?,"have you ever found yourself wishing you connected with taylor’s music on a deeper level sooner? or maybe there’s a moment, an album, or even a concert that slipped by you and now feels like a missed opportunity? for me, i’ve always loved taylor’s music; it’s been a constant background of my life, but i didn’t really consider myself a true swiftie until recently. after my dad passed away, i found myself leaning into her lyrics and storytelling in a much deeper way. her music became a real emotional outlet and source of comfort, and it made me realize just how much i’d been missing by not fully engaging with her work before. one regret that still stings? the eras tour. i wanted to go the moment it was announced, but i didn’t fight for tickets right away and blindly assumed i’d have a shot during general sale. obviously, that never happened. and i know it might sound excessive or parasocial, but i still to this day beat myself up for not trying harder; like i missed a once in a lifetime opportunity that i would’ve remembered forever. so i’m wondering, what are your swiftie regrets? whether you’re new to taylor’s fanbase or just fell deeper recently, are there songs, albums, or moments you wish you had appreciated or experienced in real time? submitted by /u/awooga1784 [link] [comments]",809dd30c83eb,/u/awooga1784,https://www.reddit.com/r/TaylorSwift/comments/1kn2cqf/new_or_newly_serious_swifties_do_you_have_any/,2025-05-15T07:33:27+00:00,2025-05-15 07:33:27+00:00,https://www.reddit.com/r/TaylorSwift/search.rss?q=ticket&restrict_sr=1&sort=new&t=year
Reddit,TaylorSwift,What's a Taylor song you can never listen to without associating it to its music video?,"I recently noticed that I can easily picture my own imagery / interpretation of some songs despite them having a mv. However, for Opalite and ME!, whenever they come on, it's like I can replay the mv in my head because of how much the mvs do it for my brain or whatever reason. What about you? submitted by /u/notafghenchie [link] [comments]",8a42a1f6b9e6,/u/notafghenchie,https://www.reddit.com/r/TaylorSwift/comments/1sosi1o/whats_a_taylor_song_you_can_never_listen_to/,2026-04-18T09:01:02+00:00,2026-04-18 09:01:02+00:00,https://www.reddit.com/r/TaylorSwift/search.rss?q=music+video&restrict_sr=1&sort=new&t=year
Reddit,TaylorSwift,The Fate of Ophelia music video items on display at the Nashville Country Music Hall of Fame,The displays will remain available to the public until spring 2027 submitted by /u/Afterglow_13 [link] [comments],22d6b8a7f88a,/u/Afterglow_13,https://www.reddit.com/r/TaylorSwift/comments/1shs8y2/the_fate_of_ophelia_music_video_items_on_display/,2026-04-10T16:54:40+00:00,2026-04-10 16:54:40+00:00,https://www.reddit.com/r/TaylorSwift/search.rss?q=music+video&restrict_sr=1&sort=new&t=year
Reddit,TaylorSwift,All Streaming Royalties From Taylor Swift’s New Music Video Go to the Elizabeth Taylor AIDS Foundation,"STC: Taylor Swift has a new music video! But she’s not the star of it. Yesterday, the show girl shared a new visual for “Elizabeth Taylor” that paid true homage to the track’s namesake. And while fans may have expected her to channel her muse as she did the Hamlet heroine or Marilyn Monroe in “The Fate of Ophelia,” Swift opted for something a little different this time around. The video, available on streaming platforms, served as a montage of Taylor’s work—compiling clips from a dozen of her films. “What makes this piece so remarkable is its pure devotion to Elizabeth’s legacy: composed entirely of archival film clips, from her iconic screen performances to candid moments, it is a celebration of Elizabeth from beginning to end, and an homage in the truest sense,” a representative for the Elizabeth Taylor Estate told TMZ. The visual featured the actor’s work in everything from Father of the Bride (1950) and Cleopatra (1963) to Who’s Afraid of Virginia Woolf? (1966), a clear inspiration for Swift’s 2024 track “Who’s Afraid of Little Old Me?” Of course, it also highlights Taylor’s extensive jewel collection, most notably the 33-carat diamond ring gifted to her from Richard Burton and the Mike Todd Diamond Tiara. “We are delighted by this celebration and the care with which Taylor Swift has spotlighted what so many have long understood: Elizabeth Taylor was a true icon, a trailblazer in every sense of the word,” the rep continued. “She lived unapologetically and on her own terms, embracing her public life with grace and courage while fiercely protecting the private world she cherished with family and friends. That balance, that duality, was one of her most remarkable qualities.” They also noted the similarities between Taylor and Swift, saying, “If there is anyone navigating the extraordinary pressures of global fame with comparable authenticity and strength, it is Taylor Swift.” According to the BBC, streaming royalties from the “Elizabeth Taylor” video will go to the late actor’s estate, which was founded to oversee her archive as well as the Elizabeth Taylor AIDS Foundation. “The estate is honored that she chose to pay tribute in this way, and have no doubt that Elizabeth would have loved every frame of it,” the rep concluded with. There’s no bigger praise than that. submitted by /u/kookiekoo [link] [comments]",e03bb7477f27,/u/kookiekoo,https://www.reddit.com/r/TaylorSwift/comments/1s9tvnn/all_streaming_royalties_from_taylor_swifts_new/,2026-04-01T18:58:49+00:00,2026-04-01 18:58:49+00:00,https://www.reddit.com/r/TaylorSwift/search.rss?q=music+video&restrict_sr=1&sort=new&t=year
Reddit,TaylorSwift,"""Elizabeth Taylor"" Music Video Megathread",The Elizabeth Taylor music video is now out. Stream on Spotify and Apple music. https://taylor.lnk.to/ElizabethTaylorVideo *Note: The MV is currently not available on YouTube submitted by /u/jacyf02 [link] [comments],edb3477fbf0e,/u/jacyf02,https://www.reddit.com/r/TaylorSwift/comments/1s8mdso/elizabeth_taylor_music_video_megathread/,2026-03-31T12:44:43+00:00,2026-03-31 12:44:43+00:00,https://www.reddit.com/r/TaylorSwift/search.rss?q=music+video&restrict_sr=1&sort=new&t=year
Reddit,TaylorSwift,"""Elizabeth Taylor"" is rapidly gaining spins on pop radio charts.","https://www.billboard.com/artist/taylor-swift/chart-history/tfm/ Last week on March 21st, the song was #30 on the pop airplay chart. 23 to 16 o the adult pop radio, though no placement yet for AC. Could Taylor be heading for another pop radio hit? Well she needs to do this first • Make a public appearance, such as promoting her song at an award show. Fortunately on March 26, she will attend the iHeartRadio awards, which she has 9 nominations for including album of the year, if she wins any of those nominations, there's a possibility that she will announce something and it's most likely a music video. Therefore, hype will grow and the song will get higher spins and streams. submitted by /u/ZestycloseOil8173 [link] [comments]",17f1a79efbba,/u/ZestycloseOil8173,https://www.reddit.com/r/TaylorSwift/comments/1rz5uia/elizabeth_taylor_is_rapidly_gaining_spins_on_pop/,2026-03-20T19:31:31+00:00,2026-03-20 19:31:31+00:00,https://www.reddit.com/r/TaylorSwift/search.rss?q=music+video&restrict_sr=1&sort=new&t=year
Reddit,TaylorSwift,Mashup of Lavender Haze + Out of the Woods 🪻🌳,"Lip sync music video with instrumental from ""Yellow"" by Coldplay 💛 submitted by /u/SuDeNimDrag [link] [comments]",8ad8e59ffa1f,/u/SuDeNimDrag,https://www.reddit.com/r/TaylorSwift/comments/1ryj3a4/mashup_of_lavender_haze_out_of_the_woods/,2026-03-20T01:38:49+00:00,2026-03-20 01:38:49+00:00,https://www.reddit.com/r/TaylorSwift/search.rss?q=music+video&restrict_sr=1&sort=new&t=year
Reddit,TaylorSwift,What’s a small musical moment from a Taylor song that you’re obsessed with?,"The piano outro at the 2:55 mark of the You Need to Calm Down music video will never not bring a smile to my face. It’s so plunky and hopeful and bright and joyful and feels like you're getting high-fived by a thousand little angels lol. You of course hear the piano riff throughout the entire song, but in the music video the instrumental at the end gets a little extra time and volume to shine and my goodness do I adore it! (and wish the album version had the same extended piano outro). Curious what other small musical moments just hit perfectly for you? EDIT: I'm trying to go through and listen to each call out and y'all have already deepened my love and appreciation for this spectacular human. truly so many great small beautiful moments. thank you for the comments! submitted by /u/robindy [link] [comments]",e754dec081b7,/u/robindy,https://www.reddit.com/r/TaylorSwift/comments/1rxjrva/whats_a_small_musical_moment_from_a_taylor_song/,2026-03-18T23:18:11+00:00,2026-03-18 23:18:11+00:00,https://www.reddit.com/r/TaylorSwift/search.rss?q=music+video&restrict_sr=1&sort=new&t=year
Reddit,TaylorSwift,Is ME! considered a hit by Taylor’s standards and by the GP’s standards? And should we let it fade into oblivion or not?,"Since there are lot of discussions here and on X about Taylor’s hits, I have noticed that this song (together with the Debut singles and Speak Now singles) is always left out. While Taylor did not include this on the Eras Tour setlist, which in my opinion she should have, it has already gained 980m streams on Spotify and had the record of the most-viewed music video in 24 hours back in 2019. And let’s remember that this was HER FIRST OWNED SONG after leaving BMR. She could have turned this song into a tolerable song to listen to if she added this in the Lover part of the Eras Tour instead of The Archer. I love The Archer but imagine ME! having a grand set and crowd chanting “Hey kids, *insert city name* is fun!” then going into the Fearless era. YNTCD, The Man, Lover, and Cruel Summer all had their moments and had a boost, while ME! right there was left behind. Any thoughts? submitted by /u/Resident-Priority239 [link] [comments]",890213d2ee73,/u/Resident-Priority239,https://www.reddit.com/r/TaylorSwift/comments/1rscodw/is_me_considered_a_hit_by_taylors_standards_and/,2026-03-13T03:39:21+00:00,2026-03-13 03:39:21+00:00,https://www.reddit.com/r/TaylorSwift/search.rss?q=music+video&restrict_sr=1&sort=new&t=year
Reddit,TaylorSwift,This is not gonna happen but i really want an Actually Romantic music video and a pop punk remix.,"a pop punk remix featuring Wheatus and/or Bowling for soup. the beginning of Actually Romantic sounds like Teenage Dirtbag by Wheatus and Bowling for soup did a cover of it. (i would link the video but apparently thats not allowed. ) in my head i can see a performance music video. (in black & white for some reason idk why). taylor would film a performance with both bands individually and they would be cut together into one video. also i guess Weezer is another band that would make sense and taylor has worked with Rivers Cuomo before again i know its not gonna happen, but i want it! i really want it! submitted by /u/outerspace_castaway [link] [comments]",a7700c77894e,/u/outerspace_castaway,https://www.reddit.com/r/TaylorSwift/comments/1rq13wa/this_is_not_gonna_happen_but_i_really_want_an/,2026-03-10T16:09:36+00:00,2026-03-10 16:09:36+00:00,https://www.reddit.com/r/TaylorSwift/search.rss?q=music+video&restrict_sr=1&sort=new&t=year
Reddit,TaylorSwift,What would have been your ideal single/music video releases for each era?,"Amongst all the discussion of this eras singles and what people think Taylor will release as a single next and how many etc. I was thinking back to TTPD and how much I was convinced we’d get at least four singles…and then we didn’t. In an ideal world for you, and short of ‘every song gets a video’, what would’ve been your ideal single and MV releases for each era? Personally most eras I feel Taylor was spot on with her song and video choices for the first seven albums, but I do have a couple of songs I felt deserved videos. Those being: Fearless, Enchanted, Getaway Car, Cruel Summer and Miss Americana. Then I feel Folklore and Evermore should’ve each had 3 singles/videos. Folklore having august and betty as its other two. Then Evermore has no body no crime and tis the damn season. Midnights basically got it completely right but I wouldn’t have said no to a Hits Different music video or Snow on the Beach. TTPD I would’ve loved for it to get at least 4 (I understand why it didn’t.) I would’ve gone for Who’s Afraid of Little Old Me?, But Daddy I Love Him, My Boy Only Breaks His Favourite Toys and/or Guilty as Sin? submitted by /u/SmellsLikePetrichors [link] [comments]",c85ef0cedc41,/u/SmellsLikePetrichors,https://www.reddit.com/r/TaylorSwift/comments/1roheqk/what_would_have_been_your_ideal_singlemusic_video/,2026-03-08T21:43:11+00:00,2026-03-08 21:43:11+00:00,https://www.reddit.com/r/TaylorSwift/search.rss?q=music+video&restrict_sr=1&sort=new&t=year
Reddit,TaylorSwift,What would you think would be good for the music video of The Life of a Showgirl the main title track?,What do you think would be a good music video concept? I think it should be clips from the eras tour and her rising as an artist. Feel free to say which submitted by /u/InformalLeg8420 [link] [comments],0a2edce88c00,/u/InformalLeg8420,https://www.reddit.com/r/TaylorSwift/comments/1rnd4sh/what_would_you_think_would_be_good_for_the_music/,2026-03-07T15:44:27+00:00,2026-03-07 15:44:27+00:00,https://www.reddit.com/r/TaylorSwift/search.rss?q=music+video&restrict_sr=1&sort=new&t=year
Reddit,TaylorSwift,The Real Message of Wi$h Li$t: Every wish comes with a price - the trade-offs are part of the bargain in real life,"I’ve posted a bunch about the big picture messages of the Life of a Showgirl album. But I just want to take a minute here to highlight and appreciate how clever the writing is on Wish List (as on the whole album). Have you wondered why there are dollar signs in the song title? It is NOT because she’s “just too smug for [her] own good” like others have accused (arguing, for example, that she’s being hypocritical and dismissive of others wanting luxury). There are dollar signs in the song title, I think, because the whole point of the song is that every wish comes with a price in the real world. In the verses of Wish List, she is writing about how there are trade-offs in real life. She’s contrasting the reality of life being about trade-offs, or maybe the impossibility of having it all (the verses), with an idealized fantasy in the chorus. In the verses, the list of things “they” want are all pairings, in tension with each other: Yacht life/under chopper blades: being under chopper blades is awful - extremely loud, windy, scary. She is not painting a positive picture. The inference I make is of paparazzi hovering over the yacht trying to get photos, I.e., the luxury comes with surveillance; Bright lights/Balenci shades: shades block out the bright lights; Palme d’Or / Oscar on bathroom floor: Pinnacle achievement but mundane disposal - once you get that award, it’s no longer giving your life meaning. While putting an award on a bathroom floor might be a thing famous actors do with a sense of irony, it is ironic because it is minimizing the significance of the achievement. In no way does it represent how meaningful such an award would feel as you worked to achieve it. But in a way it does represent the emptiness you might imagine one might feel after the award is done (which Taylor has actually spoken publicly about in her Miss Americana documentary). fat ass, baby face/complex female character: wanting or needing for others’ approval to have a perfect body and youthful appearance, while also being respected for having depth, etc. spring break lit/video taken off internet: There are embarrassing consequences to letting loose; Freedom off the grid/three dogs kids: not really free - still have responsibilities good surf, no hypocrites/contract with Real Madrid: As much as you want to just be pure sport, laidback, doing the thing you love for the joy of it, a professional contract actually requires a lifetime of hard work and all the necessary wheeling and dealing of the business world. (Just like getting to the top of the music world requires more than just playing the music you love). All of the verses are things she has obliquely had in her own life. And she’s not saying these aren’t valid wants. In fact, she has publicly made very clear that she DOES want these things! She makes music for the pure love of it (just like a surfer chases that good surf), and has said she wants to keep making her art more than anything else in the world. She wants the awards. She wants the fame and the bright lights, for her music to have mass appeal, etc. But for each of those “wishes”, she has also been very public about the price she has paid, about the trade-offs or difficulties that are part of the bargain. She even wrote a whole album about it! (Think about all the songs on TTPD on this theme, from Clara Bow to The Prophecy.). And think about how public she has been about her record label ordeal and master’s sale. Or think about how she has spoken in Miss Americana about how empty she felt after winning album of the year but not having anyone to share it with. So all of the verses are grappling with the reality. I think she is showing that she understands that wanting it all involves trade-offs, or in some ways is impossible. But at the same time, she is allowing herself the pure simplicity of her fantasy in the chorus. The chorus is a knowing fantasy in the sense of “wouldn’t it be nice to not have to deal with the trade-offs of real life” (e.g., in her fantasy they’re left alone, when everyone knows that in reality when her fame and her famous football player partner’s fame are combined, they’re never going to be left alone). Taylor has described it as her “happy place” fantasy like in the Happy Gilmore movie. Wish List, especially when combined with the Life of a Showgirl song, very much fits this album’s big picture theme [I have made other posts about how this album is about individual agency, self-empowerment, and self-reclamation.]. Because in The Life of a Showgirl song, Taylor returns to the idea of trade-offs. The showgirl’s life in the story of the song is not an easy one, but ultimately she owns her life’s choices, accepting the trade offs. And owning our own life’s choices is a key part of our agency. Anyway, just want to keep pointing out how clever the writing is on this album. And actually how profound. submitted by /u/Complex-Union5857 [link] [comments]",ea4044a8bc56,/u/Complex-Union5857,https://www.reddit.com/r/TaylorSwift/comments/1rmfgas/the_real_message_of_wih_lit_every_wish_comes_with/,2026-03-06T14:28:26+00:00,2026-03-06 14:28:26+00:00,https://www.reddit.com/r/TaylorSwift/search.rss?q=music+video&restrict_sr=1&sort=new&t=year
Reddit,TaylorSwift,Today I visited the forest from the Out of the Woods music video!,"Not a particularly exciting photo to look at, I know, but I wanted to share. This photo is from the Paradise Forest in Glenorchy, New Zealand, just outside of Queenstown. I visited as part of a Lord of the Rings tour. When the tour guide announced that it was also used for a Taylor Swift music video, I got SO excited. I went home and looked it up and turns out, it was the Out of the Woods video! Tons of movies have been filmed here, I guess. I have better photos of the woods but they all have me dressed up as Gandalf so I won’t be sharing those here… submitted by /u/iamacheeto1 [link] [comments]",fceafc133b49,/u/iamacheeto1,https://www.reddit.com/r/TaylorSwift/comments/1rm92ti/today_i_visited_the_forest_from_the_out_of_the/,2026-03-06T09:05:00+00:00,2026-03-06 09:05:00+00:00,https://www.reddit.com/r/TaylorSwift/search.rss?q=music+video&restrict_sr=1&sort=new&t=year
Reddit,TaylorSwift,I made some wallpapers,"All of these photos are from music videos or other official pictures, cropped to wallpaper size. Then I added lyrics that I thought were relevant to the background. These were very easy and fun to make. Let me know if you'd like the text-free versions. submitted by /u/ts4ky [link] [comments]",9478d5bab5ca,/u/ts4ky,https://www.reddit.com/r/TaylorSwift/comments/1rkw71u/i_made_some_wallpapers/,2026-03-04T20:14:14+00:00,2026-03-04 20:14:14+00:00,https://www.reddit.com/r/TaylorSwift/search.rss?q=music+video&restrict_sr=1&sort=new&t=year
Reddit,TaylorSwift,TLOAS album would have been liked more if this album had multiple pre-album release singles with mvs to set the narrative.,"I remember on this album release day everybody (twitter locals) hated every songs but as soon as The Fate Of Ophelia mv was posted by some person, people changed their opinion on that song and started liking it, even calling it pop perfection. That's the problem. If she had released multiple songs with expensive mvs made on great concept, the entire narrative about this album would have shifted positively to her side. We all know there are at least six 10/10 songs on this album. For me it's eight of them i.e. The Fate Of Ophelia, Elizabeth Taylor, Opalite, Father Figure, Ruin The Friendship, Wood, Honey and The Life Of A Showgirl. All these songs entails a different concept which could have been envisioned in a perfect way through their each music videos. Taylor fumbled by not having pre released singles. submitted by /u/Exciting_Ground3334 [link] [comments]",51bd116df441,/u/Exciting_Ground3334,https://www.reddit.com/r/TaylorSwift/comments/1riotal/tloas_album_would_have_been_liked_more_if_this/,2026-03-02T09:58:08+00:00,2026-03-02 09:58:08+00:00,https://www.reddit.com/r/TaylorSwift/search.rss?q=music+video&restrict_sr=1&sort=new&t=year
Reddit,TaylorSwift,Opalite music video hints at Lover??,"The Opalite MV has Easter eggs to lots of things but I don’t see anyone talking about all the hints at lover. I may be going crazy but I see it in a lot of the scenes. - the nopealite bottle - the workout clothes for Taylor and the aerobic girls - The karaoke screen where there is a sunset and it says “they’ve seen it before, they’ll see it again” - the photography scene has a blue sky background and pink and yellow flowers on the trellis just curious if anyone else noticed and if so what do they think? Could it be hinting at getting Taylor’s versions of the rest of her albums? or a hint as to what her next album may sound like? submitted by /u/originaldoll14 [link] [comments]",a7dd6ccbf307,/u/originaldoll14,https://www.reddit.com/r/TaylorSwift/comments/1rftzat/opalite_music_video_hints_at_lover/,2026-02-27T02:13:00+00:00,2026-02-27 02:13:00+00:00,https://www.reddit.com/r/TaylorSwift/search.rss?q=music+video&restrict_sr=1&sort=new&t=year
Reddit,TaylorSwift,Barrie Reynolds shares his experience on the set for the Opalite music video!,submitted by /u/aqua7ar [link] [comments],2bdb9dd4d631,/u/aqua7ar,https://www.reddit.com/r/TaylorSwift/comments/1rdlr01/barrie_reynolds_shares_his_experience_on_the_set/,2026-02-24T16:58:52+00:00,2026-02-24 16:58:52+00:00,https://www.reddit.com/r/TaylorSwift/search.rss?q=music+video&restrict_sr=1&sort=new&t=year
Reddit,TaylorSwift,Taylor posted a new behind-the-scenes video of herself on the set for the Opalite music video!,"""Never in my life have I felt so myself"" submitted by /u/aqua7ar [link] [comments]",2bdb9dd4d631,/u/aqua7ar,https://www.reddit.com/r/TaylorSwift/comments/1rdjej9/taylor_posted_a_new_behindthescenes_video_of/,2026-02-24T15:34:16+00:00,2026-02-24 15:34:16+00:00,https://www.reddit.com/r/TaylorSwift/search.rss?q=music+video&restrict_sr=1&sort=new&t=year
Reddit,TaylorSwift,Question for the Long Time Swifties - All Too Well,My first “THAT’S Taylor Swift?!” moment was when she appeared on SNL to perform the 10 minute version of All Too Well. I was completely blown away by her. I was listening to it this morning and I got to thinking about what it must’ve been like to hear that version for the first time for long time Swifties when Red TV got released. I wish I would’ve been a Swiftie then so I could’ve taken part in the discussions that must’ve occurred. I would love to hear what it was like for you to first hear what is surely her masterpiece. submitted by /u/thelovelight [link] [comments],e8d116bb7905,/u/thelovelight,https://www.reddit.com/r/TaylorSwift/comments/1strje4/question_for_the_long_time_swifties_all_too_well/,2026-04-23T18:42:18+00:00,2026-04-23 18:42:18+00:00,https://www.reddit.com/r/TaylorSwift/search.rss?q=performance&restrict_sr=1&sort=new&t=year
Reddit,TaylorSwift,"""She's So Magical!"" - Anne Hathaway Saw Taylor Swift Perform In Germany While Filming 'Mother Mary'",submitted by /u/BatmanNewsChris [link] [comments],f50ef03fa374,/u/BatmanNewsChris,https://www.reddit.com/r/TaylorSwift/comments/1snb54k/shes_so_magical_anne_hathaway_saw_taylor_swift/,2026-04-16T17:57:07+00:00,2026-04-16 17:57:07+00:00,https://www.reddit.com/r/TaylorSwift/search.rss?q=performance&restrict_sr=1&sort=new&t=year
Reddit,TaylorSwift,Taylor’s Biggest Top 20 Billboard Hits (unofficial),"I found this somewhere on the internet, I think maybe on Twitter or Pulse Music website, and I just wanted to share here that currently these are Taylor’s Biggest Billboard Hits (based on pointing system). Credits to the person who regularly monitors this, not only Taylor’s but almost all of the artists’ performance on the BBH100 as well as the GOAT stats and 2020s Decade End stats. Salute! 🫡 1.) Shake It Off (OG) - 915,875 points 2.) Cruel Summer - 908,170 points 3.) Anti-Hero - 837,915 points 4.) You Belong With Me (OG) - 768,860 points 5.) Blank Space (OG) - 761,745 points 6.) Love Story (OG) - 704,900 points 7.) The Fate Of Ophelia - 664,560 points* 8.) I Knew You Were Trouble. (OG) - 582,210 points 9.) We Are Never Ever Getting Back Together (OG) - 543,438 points 10.) Bad Blood (OG+Remix) - 474,963 points 11.) Opalite - 436,995 points* 12.) I Don’t Wanna Live Forever - 402,000 points 13.) Wildest Dreams (OG) - 331,891 points 14.) Style (OG) - 327,556 points 15.) Look What You Made Me Do - 309,632 points 16.) Mine (OG) - 281,800 points 17.) Teardrops On My Guitar - 244,840 points 18.) Karma (OG+Remix) - 237,952 points 19.) Fortnight - 210,691 points 20.) Our Song - 190,460 points \ song is still charting* Any thoughts? submitted by /u/Resident-Priority239 [link] [comments]",890213d2ee73,/u/Resident-Priority239,https://www.reddit.com/r/TaylorSwift/comments/1sf20j6/taylors_biggest_top_20_billboard_hits_unofficial/,2026-04-07T17:05:38+00:00,2026-04-07 17:05:38+00:00,https://www.reddit.com/r/TaylorSwift/search.rss?q=performance&restrict_sr=1&sort=new&t=year
Reddit,TaylorSwift,Taylor Swift performing at the iHeart Radio Music Festival 2014,Let's travel back to 2014! What are your thoughts on this performance? Setlist: We Are Never Ever Getting Back Together 22 I Knew You Were Trouble Love Story Shake It Off submitted by /u/Afterglow_13 [link] [comments],22d6b8a7f88a,/u/Afterglow_13,https://www.reddit.com/r/TaylorSwift/comments/1scfdyx/taylor_swift_performing_at_the_iheart_radio_music/,2026-04-04T17:35:05+00:00,2026-04-04 17:35:05+00:00,https://www.reddit.com/r/TaylorSwift/search.rss?q=performance&restrict_sr=1&sort=new&t=year
Reddit,TaylorSwift,Taylor Swift performing at The Amazon Prime Day Concert 2019,Let's travel back to 2019! What are your thoughts on this performance? Setlist: ME! Blank Space I Knew You Were Trouble Love Story Welcome To New York Delicate Style You Need To Calm Down Shake It Off submitted by /u/Afterglow_13 [link] [comments],22d6b8a7f88a,/u/Afterglow_13,https://www.reddit.com/r/TaylorSwift/comments/1s9rzww/taylor_swift_performing_at_the_amazon_prime_day/,2026-04-01T17:55:22+00:00,2026-04-01 17:55:22+00:00,https://www.reddit.com/r/TaylorSwift/search.rss?q=performance&restrict_sr=1&sort=new&t=year
Reddit,TaylorSwift,RANKED: Track 5,"Hey guys!! It's me, u/itookyourmatches , and I'm back again with the annual ranking polls. I'm really excited to see where TTPD has settled with everyone after almost two years, and now how Showgirl fits into our rankings! As always, the link and the rules are below. Today is a big day! Track 5s are her most anticipated Track. I don't expect Eldest Daughter to perform well but I am excited to see where everything else lands. RANK HERE Rules: Rank your favorite at the top, least favorite at the bottom Less about which is ""best"" and more about which you LIKE more Results are available to view immediately after voting As more people vote, the live results update Feel free to discuss in the comments, but be nice! There are no right or wrong answers here. No attacking people for their opinions! Polls stay open until the end of the year, when voting ends Missed yesterday's poll? View the comments for past polls you want to vote on! Some songs have been removed from competition because of sensitive topics. Those songs are: Ronan, Forever Winter, Soon You'll Get Better, Bigger Than the Whole Sky. This was community voted, so if you want to include these songs in your rankings you will have to do so in the comments. Songs that start with ""The"" will ignore the ""The"" and be categorized by the letter of the next word. This was done to keep the T category from being too long and the other letters from being too short Please feel free to post any suggestions for next year's games in the designated comment below submitted by /u/itookyourmatches [link] [comments]",7bc35940436d,/u/itookyourmatches,https://www.reddit.com/r/TaylorSwift/comments/1s8vsxs/ranked_track_5/,2026-03-31T18:31:04+00:00,2026-03-31 18:31:04+00:00,https://www.reddit.com/r/TaylorSwift/search.rss?q=performance&restrict_sr=1&sort=new&t=year
Reddit,TaylorSwift,Taylor Swift Sued Again,"https://www.reuters.com/legal/litigation/taylor-swift-sued-trademark-infringement-over-life-showgirl-2026-03-30/ March 30 (Reuters) - Pop megastar Taylor Swift was sued by a Las Vegas performer on Monday who said Swift's latest hit album ""The Life ​of a Showgirl"" violates her trademark rights. Maren Wade said in ‌the complaint, opens new tab that marketing for Swift's album threatened to ""drown out"" her long-running ""Confessions of a Showgirl"" stage show and asked the court to block Swift from creating confusion with her ​album title. Spokespeople for Swift and her label Universal Music Group (UMG.AS), opens new tab, ​also a defendant, did not immediately respond to a request ⁠for comment. Wade's attorney Jaymie Parkkinen said they ""have great respect for Swift's talent ​and success, but trademark law exists to ensure that creators at all ​levels can protect what they've built."" ""The Life of a Showgirl,"" Swift's 12th album, was released in October and shattered Spotify streaming records on its way to becoming the biggest-selling album ​of 2025. Wade said in the complaint that she began writing her ""Confessions of ​a Showgirl"" column for Las Vegas Weekly in 2014. She said she has since toured ‌a ⁠stage show with the same name featuring ""candid and often humorous accounts of the challenges and absurdities of a career in the entertainment industry, from getting stuck inside a giant birthday cake to impersonating a Madonna impersonator."" The ​U.S. Patent and Trademark ​Office rejected ⁠Swift's application last year for a federal ""Life of a Showgirl"" trademark covering ""musical performances and live entertainment services,"" citing potential ​confusion with Wade's pre-existing ""Confessions of a Showgirl"" trademark. Wade said ​in ⁠the complaint that Swift's continued use of the ""Life of a Showgirl"" name ""drowns out"" her trademark ""until consumers begin to assume that the original is the imitation."" ""What ⁠Plaintiff had ​built over twelve years, Defendants threatened to ​swallow in weeks,"" Wade said. Wade requested a court order blocking Swift's use of her ""Showgirl"" brand ​and unspecified monetary damages. Reporting by Blake Brittain in Washington; Editing by Kevin Liffey submitted by /u/SergeantSwiftie [link] [comments]",45b9e11b992c,/u/SergeantSwiftie,https://www.reddit.com/r/TaylorSwift/comments/1s82w9n/taylor_swift_sued_again/,2026-03-30T20:49:51+00:00,2026-03-30 20:49:51+00:00,https://www.reddit.com/r/TaylorSwift/search.rss?q=performance&restrict_sr=1&sort=new&t=year
Reddit,TaylorSwift,"Two ways to read Mirrorball, which one do you resonate with?","I’ve been thinking about Mirrorball by Taylor Swift and why it resonates with me so much, and I think I finally understand. I feel like I’m constantly going through small identity crises, and a lot of the time it feels like I’m either masking, adapting to people, or defining myself through how I’m perceived. Because of that, it’s hard to tell what’s actually me vs. what’s just me trying to fit in. To me, the song feels a lot like masking, constantly adjusting yourself to reflect what others want and slowly losing a clear sense of your own identity in the process. I also see two possible interpretations of the “my dear / you” parts. One is that the song could be about her career, where she personifies it by saying “my dear” and “you.” The idea of “highest heels” / “tallest tiptoes” feels like doing something uncomfortable just because it looks good to others, like people wear heels because they look good, not because they are comfortable. So even when no one is watching, she is still trying to stay on top and constantly performing for others. It also ties into how she has had to constantly redefine herself throughout her career, and how that could lead to feeling like she has lost a clear sense of who she actually is (when she's not performing). She also confirms this later when the circus (where people perform) gets closed, but she is still performing and trying her best to fit the narrative others expect from her. The other way I see it is more personal, that there is one person who truly gets her. With this person, she can wear her “highest heels,” even though most would see that as being “too much,” and still feel accepted. She feels comfortable being that version of herself with them. And even though others are telling her the relationship will end, she insists she is still there, still in her “highest heels,” and that this person has not left. Also, the line “when no one is around...shining just for you” stands out to me, because mirrorballs can’t actually shine on their own, they only reflect light. So it feels like this one person somehow makes her shine even when she’s alone, maybe helping her reconnect with her real self instead of just reflecting others and making others shine. So when she says 'shining just for you', she actually means that this is the only person that makes her shine. I ended up breaking down the whole song because I could not figure out why it hit so hard, and now it makes a lot more sense. I will leave my interpretation below if anyone wants to read it, and I would be really interested to hear other perspectives too. Do you see it more as being about her career, or about a person she can actually be herself around? submitted by /u/PaperHelpful3358 [link] [comments]",3465ac5a0893,/u/PaperHelpful3358,https://www.reddit.com/r/TaylorSwift/comments/1s6x8ei/two_ways_to_read_mirrorball_which_one_do_you/,2026-03-29T14:55:36+00:00,2026-03-29 14:55:36+00:00,https://www.reddit.com/r/TaylorSwift/search.rss?q=performance&restrict_sr=1&sort=new&t=year
Reddit,TaylorSwift,"Fans sing I Knew You Were Trouble at Lollapalooza Brazil, despite Taylor not being a performer!",submitted by /u/aqua7ar [link] [comments],2bdb9dd4d631,/u/aqua7ar,https://www.reddit.com/r/TaylorSwift/comments/1s1fak6/fans_sing_i_knew_you_were_trouble_at_lollapalooza/,2026-03-23T12:20:02+00:00,2026-03-23 12:20:02+00:00,https://www.reddit.com/r/TaylorSwift/search.rss?q=performance&restrict_sr=1&sort=new&t=year
Reddit,TaylorSwift,“Poetry isn’t for everyone”,"I often see people ask on here what to do about haters in their life and how to respond. Firstly I should say that I fully back the usual advice which is to take no notice of them and not engage. However sometimes this isn’t an option and when this happens, I like to respond with “poetry isn’t for everyone” - mainly because it’s a true statement but also because it’s an effective way to move the discussion on to your own terms. Taylor is a poet performing as a famous musician in the 21st century which means she is different. Shes hard to compare to pop star peers due to the depth of her poetry and story telling and she’s hard to compare to traditional poetic songwriting because much of it is set to popular music. But it’s still poetry and that won’t appeal to many people due to the language flourishes, extended metaphor and universe building. I am conscious writing this that I may be accused of intellectual snobbery but I’m ok with that. Taylor is a smart woman and she makes music for people who want more from their music - not only smart people but curious ones. submitted by /u/Altruistic-Brief2220 [link] [comments]",34f5a7d26528,/u/Altruistic-Brief2220,https://www.reddit.com/r/TaylorSwift/comments/1rzbynv/poetry_isnt_for_everyone/,2026-03-20T23:33:40+00:00,2026-03-20 23:33:40+00:00,https://www.reddit.com/r/TaylorSwift/search.rss?q=performance&restrict_sr=1&sort=new&t=year
Reddit,TaylorSwift,"On Anghami (middle eastern music app), ""The Fate of Ophelia"" has surpassed ""Anti Hero"" and is now her 3rd most streamed song of the decade, only behind ""august"" and ""cardigan""",The song is also still number 1 in the top pop charts despite it being released almost 5 months ago! It's definitely one of her most best performing songs internationally submitted by /u/bgtds172 [link] [comments],bc42986fabb1,/u/bgtds172,https://www.reddit.com/r/TaylorSwift/comments/1rg007h/on_anghami_middle_eastern_music_app_the_fate_of/,2026-02-27T07:18:30+00:00,2026-02-27 07:18:30+00:00,https://www.reddit.com/r/TaylorSwift/search.rss?q=performance&restrict_sr=1&sort=new&t=year
Reddit,TaylorSwift,Opalite was featured in a live instrumental performance at Wansui Mountain in China! 🇨🇳,submitted by /u/aqua7ar [link] [comments],2bdb9dd4d631,/u/aqua7ar,https://www.reddit.com/r/TaylorSwift/comments/1rfal7o/opalite_was_featured_in_a_live_instrumental/,2026-02-26T13:47:06+00:00,2026-02-26 13:47:06+00:00,https://www.reddit.com/r/TaylorSwift/search.rss?q=performance&restrict_sr=1&sort=new&t=year
Reddit,TaylorSwift,"Why Does Nobody Talk About ""Welcome To New York""","I Love This Opener to 1989 One of My Friends (Who is a Taylor Swift Fan) Went to The Eras Tour And Some Fellow Fans Were Like ""I Hope She Does Not Perform Welcome to New York"" Why? Its One of The Many Bangers on That Album! submitted by /u/TobySwitch-Music [link] [comments]",c6550ce3a034,/u/TobySwitch-Music,https://www.reddit.com/r/TaylorSwift/comments/1rcyhqu/why_does_nobody_talk_about_welcome_to_new_york/,2026-02-24T00:00:53+00:00,2026-02-24 00:00:53+00:00,https://www.reddit.com/r/TaylorSwift/search.rss?q=performance&restrict_sr=1&sort=new&t=year
Reddit,TaylorSwift,Dream mashup with a band?,"I see a lot of posts about collaborations with individual artists, and I absolutely think that there are fantastic voices out there for Taylor to work with. That being said, I feel like Taylor's performances really come to life with a live band and a song that goes off book, and some of the recordings that come from them are just enthralling. What band would you want to see Taylor collaborate with, either on a new song or to do a mashup? I'd love to see Counting Crows and her do a mashup, especially since Adam's newest girlfriend is a Taylor fan and he's been doing mashups of The One and Long December. I thought some of these would be great pairings: - Mr. Perfectly Fine / Mr. Jones (Mr. Jones is sort of alt-rock, but they're both upbeat and I genuinely think it'd have great energy if they got the chord progressions to mesh) - Treacherous / Anna Begins (A harder one to explain but I feel like if they did a stripped back orchestral version with a piano focus, this would be good. I can't really explain why since the chords are pretty different but I feel like they are complementary.) - I desperately need Taylor to cover Under The Aurora live with Adam. - A hard alt rock version of Eyes Open / Have You Seen Me Lately? submitted by /u/Certain-Ad5059 [link] [comments]",20f66510a592,/u/Certain-Ad5059,https://www.reddit.com/r/TaylorSwift/comments/1rbwdwu/dream_mashup_with_a_band/,2026-02-22T20:20:22+00:00,2026-02-22 20:20:22+00:00,https://www.reddit.com/r/TaylorSwift/search.rss?q=performance&restrict_sr=1&sort=new&t=year
Reddit,TaylorSwift,"You get to pick a Taylor Swift song for her to perform on her next tour, but the next reply decides how she will perform it","Basically: Someone would reply with a song say, ""Love Story""... and someone can reply with ""she performs Love Story in a rock version"" or ""it's a surprise song... and she performed it the show after the one you attended"" submitted by /u/Brachy08_Scratch [link] [comments]",174c6659a4ed,/u/Brachy08_Scratch,https://www.reddit.com/r/TaylorSwift/comments/1r8toxl/you_get_to_pick_a_taylor_swift_song_for_her_to/,2026-02-19T08:20:27+00:00,2026-02-19 08:20:27+00:00,https://www.reddit.com/r/TaylorSwift/search.rss?q=performance&restrict_sr=1&sort=new&t=year
Reddit,TaylorSwift,Sombr performing Style during a soundcheck in Prague!,submitted by /u/aqua7ar [link] [comments],2bdb9dd4d631,/u/aqua7ar,https://www.reddit.com/r/TaylorSwift/comments/1r7581k/sombr_performing_style_during_a_soundcheck_in/,2026-02-17T12:53:54+00:00,2026-02-17 12:53:54+00:00,https://www.reddit.com/r/TaylorSwift/search.rss?q=performance&restrict_sr=1&sort=new&t=year
Reddit,TaylorSwift,"Taylor, with her mom Andrea, out in NYC on May 11th, 2026",submitted by /u/jbraft [link] [comments],9f2668de8c48,/u/jbraft,https://old.reddit.com/r/TaylorSwift/comments/1taqqkm/taylor_with_her_mom_andrea_out_in_nyc_on_may_11th/,2026-05-12T04:21:48+00:00,2026-05-12 04:21:48+00:00,https://old.reddit.com/r/TaylorSwift/new/.rss
Reddit,TaylorSwift,"Taylor Swift Adds Additional Wedding Dates In L.A., Miami, Boston (LOL)","Taylor Swift Adds Additional Wedding Dates In L.A., Miami, Boston Published: May 11, 2026 NEW YORK—In an effort to meet growing demand for her nuptials, pop superstar Taylor Swift announced on Instagram Friday that additional dates for her wedding had been added in Los Angeles, Miami, and Boston. “I’m so excited to bring this special night to as many people as possible,” said Swift, who has reportedly booked 300-seat country clubs in multiple cities across the nation with plans to bring her caterers, string quartet, and wedding party along in a bus to each venue. “Travis and I have been working so hard on our vows, and I’m really proud of what this team created. And of course, each night will end with a special stripped-down section where I’ll tell a surprise anecdote about our courtship.” Swift went on to say that Phoebe Bridgers would warm up the crowd each night by getting married right before her. Source: https://theonion.com/taylor-swift-adds-additional-wedding-dates-in-l-a-miami-boston/ TheOnion is Clowning around! 😃 Clearly they have been paying attention! I hope you'll think this was as funny as I did. submitted by /u/BoomTown1873 [link] [comments]",e93b3bbe2da7,/u/BoomTown1873,https://old.reddit.com/r/TaylorSwift/comments/1tahb6e/taylor_swift_adds_additional_wedding_dates_in_la/,2026-05-11T21:35:19+00:00,2026-05-11 21:35:19+00:00,https://old.reddit.com/r/TaylorSwift/new/.rss
Reddit,TaylorSwift,Doors x Antihero,"Was listening to Noah Kahan’s Doors from The Great Divide album and realized how many lyrics parallel Taylor’s Anti-Hero: “I scream in my sleep” -> “I wake up screaming from dreaming” “I’m the trouble ahead”-> “I’m the problem, it’s me” “Have you ever stared directly at the sun?” -> “I’ll stare directly at the sun, but never in the mirror” “At the rattle of your keys, oh are you leaving?” -> “One day, I’ll watch as you’re leaving” Not saying they’re intentionally connected or anything, but they both capture that same anxious/self-destructive inner dialogue so well imo. submitted by /u/ComprehensiveBug5553 [link] [comments]",e9fbf1dc3ae9,/u/ComprehensiveBug5553,https://old.reddit.com/r/TaylorSwift/comments/1ta81pt/doors_x_antihero/,2026-05-11T16:16:03+00:00,2026-05-11 16:16:03+00:00,https://old.reddit.com/r/TaylorSwift/new/.rss
Reddit,TaylorSwift,Swiftie Teacher Gift 🧡💚💙,"I did my best to make a TLOASG themed gift bag (main gift is the bitty BOGG bag) My kiddos teacher is a swiftie and my budget was small but wanted to do something fun, my son also wanted to buy her flowers so we have a small bouquet too! It’s lined with a garbage bag with the line “my brother used to call it eating out of the trash” written on it instead of tissue paper LOL LMK what you guys think 😭 submitted by /u/corgixmom [link] [comments]",f77af8851036,/u/corgixmom,https://old.reddit.com/r/TaylorSwift/comments/1t9urm0/swiftie_teacher_gift/,2026-05-11T06:14:15+00:00,2026-05-11 06:14:15+00:00,https://old.reddit.com/r/TaylorSwift/new/.rss
Reddit,TaylorSwift,Some Taylor Swift CGM patches I made,Very excited to wear these!! Got diagnosed about a year ago and haven’t stopped wearing Taylor swift cgm patches haha!! Designed by me and my friend! submitted by /u/heyitsa19 [link] [comments],242d911279b5,/u/heyitsa19,https://old.reddit.com/r/TaylorSwift/comments/1t9jgae/some_taylor_swift_cgm_patches_i_made/,2026-05-10T21:26:11+00:00,2026-05-10 21:26:11+00:00,https://old.reddit.com/r/TaylorSwift/new/.rss
Reddit,TaylorSwift,What are your favorite songs and lyrics for Mother's Day?,"Obviously The Best Day, but what what submitted by /u/IntoTheDaylight [link] [comments]",88701e1d18ce,/u/IntoTheDaylight,https://old.reddit.com/r/TaylorSwift/comments/1t9hxeg/what_are_your_favorite_songs_and_lyrics_for/,2026-05-10T20:25:38+00:00,2026-05-10 20:25:38+00:00,https://old.reddit.com/r/TaylorSwift/new/.rss
Reddit,TaylorSwift,Taylor Swift and her mum through the years in photos and lyrics! Happy Mother's Day,submitted by /u/Afterglow_13 [link] [comments],22d6b8a7f88a,/u/Afterglow_13,https://old.reddit.com/r/TaylorSwift/comments/1t9esgh/taylor_swift_and_her_mum_through_the_years_in/,2026-05-10T18:28:48+00:00,2026-05-10 18:28:48+00:00,https://old.reddit.com/r/TaylorSwift/new/.rss
Reddit,TaylorSwift,Who are your favorite artists at the moment other than Taylor?,"I saw there was no post talking about swifties other favorite artists for a while, Who have you all been listening to on repeat besides Taylor Swift lately? I’ve been listening to RAYE a lot lately, and I’m also expecting the next Olivia Rodrigo album to be on repeat soon. Side note: I have been making this website for fun where you put whatever you're going through at the moment and it uses semantic similarities calculations to give you the 3 best fitting taylor songs. Would it be interesting to see other artists added there? https://swift-match.vercel.app/ submitted by /u/JustSomeCells [link] [comments]",a460b7080384,/u/JustSomeCells,https://old.reddit.com/r/TaylorSwift/comments/1t9e4gs/who_are_your_favorite_artists_at_the_moment_other/,2026-05-10T18:04:00+00:00,2026-05-10 18:04:00+00:00,https://old.reddit.com/r/TaylorSwift/new/.rss
Reddit,TaylorSwift,RANKED: Y Tracks,"Hey guys!! It's me, u/itookyourmatches , and I'm back again with the annual ranking polls. I'm really excited to see where TTPD has settled with everyone after almost two years, and now how Showgirl fits into our rankings! As always, the link and the rules are below. This is our last letter poll before we switch to our next category: ranking by color! RANK HERE Rules: Rank your favorite at the top, least favorite at the bottom Less about which is ""best"" and more about which you LIKE more Results are available to view immediately after voting As more people vote, the live results update Feel free to discuss in the comments, but be nice! There are no right or wrong answers here. No attacking people for their opinions! Polls stay open until the end of the year, when voting ends Missed yesterday's poll? View the comments for past polls you want to vote on! Some songs have been removed from competition because of sensitive topics. Those songs are: Ronan, Forever Winter, Soon You'll Get Better, Bigger Than the Whole Sky. This was community voted, so if you want to include these songs in your rankings you will have to do so in the comments. Songs that start with ""The"" will ignore the ""The"" and be categorized by the letter of the next word. This was done to keep the T category from being too long and the other letters from being too short Please feel free to post any suggestions for next year's games in the DESIGNATED comment below, that way I don't lose suggestions when I look through past polls submitted by /u/itookyourmatches [link] [comments]",7bc35940436d,/u/itookyourmatches,https://old.reddit.com/r/TaylorSwift/comments/1t9dalo/ranked_y_tracks/,2026-05-10T17:33:23+00:00,2026-05-10 17:33:23+00:00,https://old.reddit.com/r/TaylorSwift/new/.rss
